일시,지점명,평균습도(%rh),최저습도(%rh)
20190101,수원,64.8,49.0
20190102,수원,61.1,30.0
20190103,수원,52.3,18.0
20190104,수원,73.9,40.0
20190105,수원,45.0,21.0
20190106,수원,53.9,23.0
20190107,수원,73.5,34.0
20190108,수원,43.1,24.0
20190109,수원,39.3,18.0
20190110,수원,59.1,35.0
20190111,수원,70.1,48.0
20190112,수원,64.6,39.0
20190113,수원,77.9,32.0
20190114,수원,87.3,62.0
20190115,수원,63.5,41.0
20190116,수원,49.5,23.0
20190117,수원,60.8,14.0
20190118,수원,66.6,29.0
20190119,수원,70.5,46.0
20190120,수원,45.1,25.0
20190121,수원,64.8,42.0
20190122,수원,79.8,45.0
20190123,수원,60.0,26.0
20190124,수원,42.9,14.0
20190125,수원,44.4,21.0
20190126,수원,41.6,22.0
20190127,수원,64.9,38.0
20190128,수원,48.5,24.0
20190129,수원,44.9,21.0
20190130,수원,66.0,41.0
20190131,수원,34.1,18.0
20190201,수원,64.1,34.0
20190202,수원,70.5,50.0
20190203,수원,98.1,55.0
20190204,수원,50.8,21.0
20190205,수원,54.5,22.0
20190206,수원,66.4,45.0
20190207,수원,50.4,14.0
20190208,수원,38.8,24.0
20190209,수원,31.8,21.0
20190210,수원,41.1,26.0
20190211,수원,44.0,24.0
20190212,수원,47.6,22.0
20190213,수원,34.8,19.0
20190214,수원,35.1,21.0
20190215,수원,81.6,44.0
20190216,수원,65.4,45.0
20190217,수원,57.5,28.0
20190218,수원,65.3,30.0
20190219,수원,96.0,62.0
20190220,수원,79.9,58.0
20190221,수원,75.8,41.0
20190222,수원,75.1,31.0
20190223,수원,62.5,21.0
20190224,수원,66.8,27.0
20190225,수원,74.3,45.0
20190226,수원,57.6,23.0
20190227,수원,52.4,22.0
20190228,수원,61.3,31.0
20190301,수원,68.6,31.0
20190302,수원,61.9,24.0
20190303,수원,55.6,20.0
20190304,수원,68.0,30.0
20190305,수원,74.0,41.0
20190306,수원,75.3,50.0
20190307,수원,72.4,36.0
20190308,수원,61.4,23.0
20190309,수원,48.8,11.0
20190310,수원,34.3,12.0
20190311,수원,81.9,49.0
20190312,수원,69.6,35.0
20190313,수원,45.8,24.0
20190314,수원,60.3,25.0
20190315,수원,77.6,25.0
20190316,수원,76.8,41.0
20190317,수원,68.4,25.0
20190318,수원,55.8,20.0
20190319,수원,65.9,22.0
20190320,수원,85.4,44.0
20190321,수원,83.1,57.0
20190322,수원,44.1,22.0
20190323,수원,56.1,28.0
20190324,수원,60.6,28.0
20190325,수원,64.5,46.0
20190326,수원,60.0,28.0
20190327,수원,71.0,42.0
20190328,수원,59.4,20.0
20190329,수원,41.8,28.0
20190330,수원,83.5,47.0
20190331,수원,55.0,29.0
20190401,수원,49.4,19.0
20190402,수원,55.4,23.0
20190403,수원,56.3,19.0
20190404,수원,52.3,23.0
20190405,수원,56.4,17.0
20190406,수원,51.4,25.0
20190407,수원,41.3,13.0
20190408,수원,34.6,16.0
20190409,수원,53.5,19.0
20190410,수원,84.1,64.0
20190411,수원,76.1,35.0
20190412,수원,63.5,22.0
20190413,수원,47.1,17.0
20190414,수원,55.6,25.0
20190415,수원,51.8,16.0
20190416,수원,39.3,13.0
20190417,수원,53.4,18.0
20190418,수원,82.6,54.0
20190419,수원,69.1,47.0
20190420,수원,69.9,50.0
20190421,수원,86.9,58.0
20190422,수원,63.4,21.0
20190423,수원,65.4,41.0
20190424,수원,81.0,57.0
20190425,수원,86.3,61.0
20190426,수원,88.1,74.0
20190427,수원,65.9,36.0
20190428,수원,66.9,44.0
20190429,수원,77.0,49.0
20190430,수원,67.6,42.0
20190501,수원,70.9,50.0
20190502,수원,55.1,18.0
20190503,수원,53.1,21.0
20190504,수원,58.0,24.0
20190505,수원,52.1,13.0
20190506,수원,44.0,13.0
20190507,수원,50.8,18.0
20190508,수원,57.9,33.0
20190509,수원,56.3,21.0
20190510,수원,63.9,30.0
20190511,수원,54.0,32.0
20190512,수원,49.8,27.0
20190513,수원,58.6,33.0
20190514,수원,63.3,27.0
20190515,수원,66.6,35.0
20190516,수원,58.9,28.0
20190517,수원,58.6,35.0
20190518,수원,60.5,47.0
20190519,수원,95.8,65.0
20190520,수원,72.5,32.0
20190521,수원,65.6,28.0
20190522,수원,57.1,22.0
20190523,수원,61.1,19.0
20190524,수원,63.0,34.0
20190525,수원,57.3,24.0
20190526,수원,51.6,26.0
20190527,수원,88.4,53.0
20190528,수원,53.6,28.0
20190529,수원,59.0,26.0
20190530,수원,60.1,36.0
20190531,수원,59.9,39.0
20190601,수원,71.6,47.0
20190602,수원,55.4,20.0
20190603,수원,55.8,29.0
20190604,수원,66.6,34.0
20190605,수원,76.5,48.0
20190606,수원,83.9,60.0
20190607,수원,82.0,55.0
20190608,수원,69.0,43.0
20190609,수원,74.5,56.0
20190610,수원,73.6,55.0
20190611,수원,60.4,39.0
20190612,수원,73.4,50.0
20190613,수원,64.3,40.0
20190614,수원,67.5,42.0
20190615,수원,73.0,52.0
20190616,수원,69.8,43.0
20190617,수원,72.1,49.0
20190618,수원,81.8,62.0
20190619,수원,82.1,56.0
20190620,수원,78.3,51.0
20190621,수원,79.1,62.0
20190622,수원,53.5,36.0
20190623,수원,50.3,34.0
20190624,수원,58.5,38.0
20190625,수원,58.6,31.0
20190626,수원,67.3,46.0
20190627,수원,78.3,62.0
20190628,수원,80.0,61.0
20190629,수원,85.6,69.0
20190630,수원,84.6,60.0
20190701,수원,76.1,46.0
20190702,수원,75.3,43.0
20190703,수원,78.0,54.0
20190704,수원,74.5,37.0
20190705,수원,62.6,33.0
20190706,수원,48.6,28.0
20190707,수원,49.3,35.0
20190708,수원,53.1,43.0
20190709,수원,54.4,40.0
20190710,수원,72.1,53.0
20190711,수원,86.5,67.0
20190712,수원,77.3,56.0
20190713,수원,84.9,66.0
20190714,수원,79.0,50.0
20190715,수원,88.1,70.0
20190716,수원,81.5,58.0
20190717,수원,78.3,60.0
20190718,수원,71.8,51.0
20190719,수원,72.6,50.0
20190720,수원,71.5,61.0
20190721,수원,94.1,73.0
20190722,수원,80.8,61.0
20190723,수원,76.9,53.0
20190724,수원,88.5,81.0
20190725,수원,94.9,88.0
20190726,수원,94.3,84.0
20190727,수원,83.9,62.0
20190728,수원,89.9,82.0
20190729,수원,80.3,68.0
20190730,수원,79.4,70.0
20190731,수원,89.4,82.0
20190801,수원,85.8,67.0
20190802,수원,78.3,51.0
20190803,수원,74.6,49.0
20190804,수원,74.3,56.0
20190805,수원,69.6,46.0
20190806,수원,57.1,37.0
20190807,수원,78.3,54.0
20190808,수원,74.9,57.0
20190809,수원,70.9,53.0
20190810,수원,60.3,40.0
20190811,수원,49.6,30.0
20190812,수원,78.1,64.0
20190813,수원,68.9,42.0
20190814,수원,61.8,40.0
20190815,수원,73.0,52.0
20190816,수원,75.5,64.0
20190817,수원,79.3,64.0
20190818,수원,68.9,36.0
20190819,수원,65.5,40.0
20190820,수원,50.1,32.0
20190821,수원,53.9,38.0
20190822,수원,67.0,27.0
20190823,수원,71.3,44.0
20190824,수원,80.9,63.0
20190825,수원,78.5,53.0
20190826,수원,74.4,42.0
20190827,수원,84.6,60.0
20190828,수원,82.9,56.0
20190829,수원,87.0,68.0
20190830,수원,78.5,51.0
20190831,수원,80.0,57.0
20190901,수원,78.6,47.0
20190902,수원,74.8,41.0
20190903,수원,82.0,71.0
20190904,수원,93.6,79.0
20190905,수원,96.6,80.0
20190906,수원,88.3,73.0
20190907,수원,79.8,64.0
20190908,수원,89.9,71.0
20190909,수원,91.4,71.0
20190910,수원,94.3,72.0
20190911,수원,84.6,71.0
20190912,수원,83.9,65.0
20190913,수원,76.0,49.0
20190914,수원,89.5,74.0
20190915,수원,83.5,57.0
20190916,수원,68.1,35.0
20190917,수원,58.3,34.0
20190918,수원,60.6,25.0
20190919,수원,66.1,48.0
20190920,수원,68.6,49.0
20190921,수원,75.1,63.0
20190922,수원,86.5,64.0
20190923,수원,69.1,49.0
20190924,수원,75.6,42.0
20190925,수원,83.0,54.0
20190926,수원,73.6,44.0
20190927,수원,68.0,50.0
20190928,수원,79.4,58.0
20190929,수원,81.1,34.0
20190930,수원,81.6,44.0
20191001,수원,85.9,67.0
20191002,수원,94.6,82.0
20191003,수원,85.3,61.0
20191004,수원,87.8,69.0
20191005,수원,82.4,68.0
20191006,수원,68.5,56.0
20191007,수원,96.6,73.0
20191008,수원,70.8,36.0
20191009,수원,71.9,34.0
20191010,수원,79.9,52.0
20191011,수원,74.8,48.0
20191012,수원,64.3,48.0
20191013,수원,71.3,51.0
20191014,수원,73.0,44.0
20191015,수원,76.3,51.0
20191016,수원,79.6,51.0
20191017,수원,79.9,45.0
20191018,수원,75.4,59.0
20191019,수원,85.3,57.0
20191020,수원,88.5,53.0
20191021,수원,81.5,40.0
20191022,수원,78.1,46.0
20191023,수원,73.1,55.0
20191024,수원,62.6,44.0
20191025,수원,71.8,50.0
20191026,수원,75.5,55.0
20191027,수원,76.8,48.0
20191028,수원,79.6,52.0
20191029,수원,75.4,44.0
20191030,수원,78.9,55.0
20191031,수원,86.1,64.0
20191101,수원,75.8,34.0
20191102,수원,82.3,61.0
20191103,수원,76.8,52.0
20191104,수원,76.1,47.0
20191105,수원,85.4,62.0
20191106,수원,81.3,46.0
20191107,수원,62.0,35.0
20191108,수원,55.3,26.0
20191109,수원,68.1,32.0
20191110,수원,75.4,45.0
20191111,수원,85.4,56.0
20191112,수원,82.1,48.0
20191113,수원,86.6,51.0
20191114,수원,48.3,36.0
20191115,수원,88.9,55.0
20191116,수원,90.8,25.0
20191117,수원,94.0,70.0
20191118,수원,72.3,46.0
20191119,수원,63.4,47.0
20191120,수원,59.4,24.0
20191121,수원,56.0,35.0
20191122,수원,54.4,32.0
20191123,수원,72.5,49.0
20191124,수원,88.5,64.0
20191125,수원,75.5,61.0
20191126,수원,81.4,58.0
20191127,수원,63.3,42.0
20191128,수원,69.6,53.0
20191129,수원,57.8,26.0
20191130,수원,62.6,32.0
20191201,수원,86.9,66.0
20191202,수원,64.3,36.0
20191203,수원,93.8,64.0
20191204,수원,77.0,50.0
20191205,수원,53.6,30.0
20191206,수원,59.4,35.0
20191207,수원,76.3,63.0
20191208,수원,83.8,49.0
20191209,수원,73.9,59.0
20191210,수원,92.6,78.0
20191211,수원,77.4,57.0
20191212,수원,60.8,36.0
20191213,수원,69.8,47.0
20191214,수원,74.0,47.0
20191215,수원,73.1,50.0
20191216,수원,76.5,55.0
20191217,수원,91.3,69.0
20191218,수원,77.9,61.0
20191219,수원,60.0,36.0
20191220,수원,67.3,35.0
20191221,수원,84.5,64.0
20191222,수원,77.9,55.0
20191223,수원,91.1,77.0
20191224,수원,86.6,51.0
20191225,수원,79.6,46.0
20191226,수원,84.5,73.0
20191227,수원,64.6,42.0
20191228,수원,69.0,51.0
20191229,수원,76.1,51.0
20191230,수원,83.9,47.0
20191231,수원,60.1,39.0
20200101,수원,79.3,62.0
20200102,수원,83.3,75.0
20200103,수원,80.5,50.0
20200104,수원,76.1,43.0
20200105,수원,72.4,41.0
20200106,수원,80.8,59.0
20200107,수원,100.0,100.0
20200108,수원,94.9,80.0
20200109,수원,81.8,60.0
20200110,수원,85.4,57.0
20200111,수원,84.6,60.0
20200112,수원,77.8,61.0
20200113,수원,73.0,50.0
20200114,수원,71.6,44.0
20200115,수원,72.0,30.0
20200116,수원,73.0,34.0
20200117,수원,74.1,42.0
20200118,수원,72.8,38.0
20200119,수원,81.0,67.0
20200120,수원,68.5,34.0
20200121,수원,61.4,35.0
20200122,수원,72.4,44.0
20200123,수원,71.6,45.0
20200124,수원,85.0,56.0
20200125,수원,90.8,70.0
20200126,수원,74.3,43.0
20200127,수원,71.5,55.0
20200128,수원,70.4,53.0
20200129,수원,68.0,48.0
20200130,수원,71.6,48.0
20200131,수원,89.5,67.0
20200201,수원,91.3,64.0
20200202,수원,79.8,44.0
20200203,수원,70.8,46.0
20200204,수원,82.0,51.0
20200205,수원,58.9,37.0
20200206,수원,63.6,35.0
20200207,수원,72.8,45.0
20200208,수원,67.6,43.0
20200209,수원,76.1,39.0
20200210,수원,72.5,39.0
20200211,수원,64.0,30.0
20200212,수원,90.4,54.0
20200213,수원,98.9,92.0
20200214,수원,93.8,74.0
20200215,수원,85.1,60.0
20200216,수원,97.8,79.0
20200217,수원,84.3,71.0
20200218,수원,68.9,47.0
20200219,수원,80.0,55.0
20200220,수원,85.6,52.0
20200221,수원,88.5,58.0
20200222,수원,82.8,56.0
20200223,수원,76.5,45.0
20200224,수원,70.6,46.0
20200225,수원,92.8,76.0
20200226,수원,87.5,61.0
20200227,수원,80.4,49.0
20200228,수원,95.0,79.0
20200229,수원,91.8,66.0
20200301,수원,95.1,81.0
20200302,수원,76.5,56.0
20200303,수원,83.3,63.0
20200304,수원,76.8,55.0
20200305,수원,71.4,49.0
20200306,수원,69.6,34.0
20200307,수원,73.1,42.0
20200308,수원,73.6,34.0
20200309,수원,72.4,43.0
20200310,수원,92.1,67.0
20200311,수원,67.5,43.0
20200312,수원,68.6,34.0
20200313,수원,61.6,30.0
20200314,수원,73.0,47.0
20200315,수원,68.3,33.0
20200316,수원,69.6,37.0
20200317,수원,83.9,65.0
20200318,수원,63.5,32.0
20200319,수원,71.5,47.0
20200320,수원,60.6,34.0
20200321,수원,75.5,56.0
20200322,수원,61.9,29.0
20200323,수원,68.6,45.0
20200324,수원,67.8,37.0
20200325,수원,64.0,32.0
20200326,수원,79.9,49.0
20200327,수원,77.5,44.0
20200328,수원,40.0,25.0
20200329,수원,62.6,35.0
20200330,수원,68.8,34.0
20200331,수원,69.0,32.0
20200401,수원,58.4,40.0
20200402,수원,68.8,31.0
20200403,수원,74.4,35.0
20200404,수원,54.9,26.0
20200405,수원,52.0,29.0
20200406,수원,71.4,37.0
20200407,수원,78.4,55.0
20200408,수원,54.9,25.0
20200409,수원,67.8,39.0
20200410,수원,75.0,41.0
20200411,수원,81.9,55.0
20200412,수원,70.1,52.0
20200413,수원,59.1,27.0
20200414,수원,61.5,30.0
20200415,수원,61.0,33.0
20200416,수원,63.5,32.0
20200417,수원,90.8,60.0
20200418,수원,82.6,56.0
20200419,수원,90.1,62.0
20200420,수원,89.0,72.0
20200421,수원,63.6,41.0
20200422,수원,59.1,45.0
20200423,수원,64.3,38.0
20200424,수원,68.9,36.0
20200425,수원,70.4,51.0
20200426,수원,66.0,31.0
20200427,수원,69.9,33.0
20200428,수원,68.9,35.0
20200429,수원,65.0,41.0
20200430,수원,78.3,54.0
20200501,수원,88.3,62.0
20200502,수원,91.1,71.0
20200503,수원,85.8,64.0
20200504,수원,81.5,53.0
20200505,수원,90.5,69.0
20200506,수원,69.8,32.0
20200507,수원,41.8,28.0
20200508,수원,47.4,23.0
20200509,수원,99.9,92.0
20200510,수원,97.9,89.0
20200511,수원,76.5,33.0
20200512,수원,84.1,61.0
20200513,수원,59.8,29.0
20200514,수원,45.8,29.0
20200515,수원,92.8,46.0
20200516,수원,96.9,87.0
20200517,수원,87.9,64.0
20200518,수원,89.0,58.0
20200519,수원,82.9,59.0
20200520,수원,72.3,52.0
20200521,수원,67.4,49.0
20200522,수원,81.6,63.0
20200523,수원,77.5,50.0
20200524,수원,93.1,81.0
20200525,수원,92.8,71.0
20200526,수원,85.1,55.0
20200527,수원,77.0,34.0
20200528,수원,73.9,41.0
20200529,수원,74.1,39.0
20200530,수원,64.8,29.0
20200531,수원,71.8,42.0
20200601,수원,74.3,40.0
20200602,수원,76.0,45.0
20200603,수원,82.1,44.0
20200604,수원,86.5,61.0
20200605,수원,82.1,53.0
20200606,수원,72.0,45.0
20200607,수원,81.6,50.0
20200608,수원,71.3,43.0
20200609,수원,59.0,37.0
20200610,수원,69.1,43.0
20200611,수원,78.3,54.0
20200612,수원,83.0,56.0
20200613,수원,74.0,43.0
20200614,수원,80.5,40.0
20200615,수원,69.5,35.0
20200616,수원,70.6,50.0
20200617,수원,74.0,44.0
20200618,수원,75.9,53.0
20200619,수원,72.3,50.0
20200620,수원,75.5,59.0
20200621,수원,73.8,45.0
20200622,수원,66.0,44.0
20200623,수원,65.0,50.0
20200624,수원,85.1,56.0
20200625,수원,94.3,82.0
20200626,수원,85.8,69.0
20200627,수원,77.3,56.0
20200628,수원,82.0,57.0
20200629,수원,84.3,66.0
20200630,수원,89.1,67.0
20200701,수원,86.6,69.0
20200702,수원,80.0,55.0
20200703,수원,73.5,43.0
20200704,수원,79.3,49.0
20200705,수원,78.9,59.0
20200706,수원,76.5,53.0
20200707,수원,83.4,64.0
20200708,수원,84.9,58.0
20200709,수원,71.0,39.0
20200710,수원,73.4,63.0
20200711,수원,67.1,51.0
20200712,수원,79.9,66.0
20200713,수원,96.6,91.0
20200714,수원,80.5,67.0
20200715,수원,76.0,53.0
20200716,수원,78.6,57.0
20200717,수원,83.8,67.0
20200718,수원,78.0,61.0
20200719,수원,83.3,67.0
20200720,수원,90.8,79.0
20200721,수원,82.0,58.0
20200722,수원,96.5,89.0
20200723,수원,96.9,88.0
20200724,수원,74.0,66.0
20200725,수원,70.1,58.0
20200726,수원,77.8,62.0
20200727,수원,91.0,80.0
20200728,수원,91.3,83.0
20200729,수원,97.9,83.0
20200730,수원,94.0,78.0
20200731,수원,92.3,74.0
20200801,수원,91.4,77.0
20200802,수원,97.6,89.0
20200803,수원,97.0,88.0
20200804,수원,89.8,77.0
20200805,수원,92.6,83.0
20200806,수원,95.5,85.0
20200807,수원,90.8,75.0
20200808,수원,96.0,87.0
20200809,수원,96.0,84.0
20200810,수원,93.0,75.0
20200811,수원,95.0,77.0
20200812,수원,91.1,73.0
20200813,수원,87.1,71.0
20200814,수원,88.9,81.0
20200815,수원,95.6,86.0
20200816,수원,86.6,71.0
20200817,수원,83.4,60.0
20200818,수원,84.4,55.0
20200819,수원,84.6,61.0
20200820,수원,81.5,56.0
20200821,수원,83.8,68.0
20200822,수원,91.6,75.0
20200823,수원,83.1,59.0
20200824,수원,78.3,60.0
20200825,수원,75.1,52.0
20200826,수원,70.6,57.0
20200827,수원,84.3,71.0
20200828,수원,90.9,77.0
20200829,수원,95.9,86.0
20200830,수원,91.4,77.0
20200831,수원,77.6,66.0
20200901,수원,79.1,65.0
20200902,수원,96.9,90.0
20200903,수원,84.6,64.0
20200904,수원,75.0,48.0
20200905,수원,72.3,55.0
20200906,수원,82.9,67.0
20200907,수원,95.4,79.0
20200908,수원,78.1,54.0
20200909,수원,92.3,72.0
20200910,수원,86.1,57.0
20200911,수원,81.4,61.0
20200912,수원,90.1,80.0
20200913,수원,74.4,52.0
20200914,수원,86.5,63.0
20200915,수원,83.5,55.0
20200916,수원,89.9,70.0
20200917,수원,82.0,49.0
20200918,수원,75.4,34.0
20200919,수원,75.8,33.0
20200920,수원,71.9,34.0
20200921,수원,74.0,39.0
20200922,수원,63.0,39.0
20200923,수원,62.9,55.0
20200924,수원,61.4,51.0
20200925,수원,66.4,52.0
20200926,수원,63.1,48.0
20200927,수원,70.0,43.0
20200928,수원,76.5,43.0
20200929,수원,76.5,44.0
20200930,수원,87.8,55.0
20201001,수원,82.1,58.0
20201002,수원,84.3,60.0
20201003,수원,81.0,54.0
20201004,수원,71.0,51.0
20201005,수원,61.3,45.0
20201006,수원,65.6,32.0
20201007,수원,60.8,28.0
20201008,수원,57.6,33.0
20201009,수원,58.9,43.0
20201010,수원,66.9,45.0
20201011,수원,77.5,57.0
20201012,수원,80.3,54.0
20201013,수원,64.5,35.0
20201014,수원,56.1,26.0
20201015,수원,54.5,26.0
20201016,수원,73.1,50.0
20201017,수원,75.0,33.0
20201018,수원,78.9,45.0
20201019,수원,82.6,47.0
20201020,수원,77.6,38.0
20201021,수원,78.8,62.0
20201022,수원,71.0,41.0
20201023,수원,55.6,38.0
20201024,수원,55.9,30.0
20201025,수원,73.8,44.0
20201026,수원,79.6,48.0
20201027,수원,83.0,50.0
20201028,수원,61.1,26.0
20201029,수원,56.9,27.0
20201030,수원,60.4,26.0
20201031,수원,66.9,49.0
20201101,수원,91.5,70.0
20201102,수원,69.4,26.0
20201103,수원,52.1,37.0
20201104,수원,48.9,24.0
20201105,수원,69.0,42.0
20201106,수원,62.5,39.0
20201107,수원,74.6,37.0
20201108,수원,50.0,21.0
20201109,수원,44.6,24.0
20201110,수원,66.5,34.0
20201111,수원,73.4,34.0
20201112,수원,68.9,32.0
20201113,수원,80.1,61.0
20201114,수원,77.8,40.0
20201115,수원,85.8,59.0
20201116,수원,77.9,50.0
20201117,수원,70.0,56.0
20201118,수원,91.3,78.0
20201119,수원,90.4,81.0
20201120,수원,79.1,70.0
20201121,수원,72.3,53.0
20201122,수원,82.4,69.0
20201123,수원,64.5,41.0
20201124,수원,58.9,33.0
20201125,수원,70.9,43.0
20201126,수원,72.6,42.0
20201127,수원,65.6,51.0
20201128,수원,56.1,32.0
20201129,수원,73.6,53.0
20201130,수원,67.4,37.0
20201201,수원,48.9,21.0
20201202,수원,44.1,21.0
20201203,수원,50.5,34.0
20201204,수원,60.9,29.0
20201205,수원,73.9,56.0
20201206,수원,78.6,54.0
20201207,수원,63.8,40.0
20201208,수원,58.4,26.0
20201209,수원,63.6,35.0
20201210,수원,70.9,57.0
20201211,수원,82.1,51.0
20201212,수원,56.4,31.0
20201213,수원,76.6,54.0
20201214,수원,50.3,30.0
20201215,수원,44.6,30.0
20201216,수원,43.6,28.0
20201217,수원,56.0,27.0
20201218,수원,65.8,42.0
20201219,수원,47.4,26.0
20201220,수원,59.0,33.0
20201221,수원,73.1,48.0
20201222,수원,75.9,51.0
20201223,수원,84.1,65.0
20201224,수원,70.9,45.0
20201225,수원,63.8,38.0
20201226,수원,74.0,47.0
20201227,수원,73.1,54.0
20201228,수원,81.3,48.0
20201229,수원,82.3,53.0
20201230,수원,56.8,44.0
20201231,수원,65.8,45.0
20210101,수원,83.3,64.0
20210102,수원,47.8,31.0
20210103,수원,57.1,34.0
20210104,수원,68.0,42.0
20210105,수원,56.9,30.0
20210106,수원,61.8,24.0
20210107,수원,54.3,38.0
20210108,수원,51.5,42.0
20210109,수원,60.1,39.0
20210110,수원,68.0,41.0
20210111,수원,77.5,57.0
20210112,수원,88.1,69.0
20210113,수원,87.8,64.0
20210114,수원,54.0,29.0
20210115,수원,74.3,53.0
20210116,수원,67.9,44.0
20210117,수원,65.4,33.0
20210118,수원,75.5,38.0
20210119,수원,52.1,29.0
20210120,수원,46.6,24.0
20210121,수원,73.9,45.0
20210122,수원,97.3,91.0
20210123,수원,71.9,55.0
20210124,수원,67.8,47.0
20210125,수원,70.6,40.0
20210126,수원,92.3,77.0
20210127,수원,60.5,24.0
20210128,수원,61.9,37.0
20210129,수원,49.3,32.0
20210130,수원,68.9,44.0
20210131,수원,70.5,35.0
20210201,수원,89.0,59.0
20210202,수원,52.6,31.0
20210203,수원,69.4,52.0
20210204,수원,54.8,32.0
20210205,수원,71.6,52.0
20210206,수원,80.8,58.0
20210207,수원,78.3,45.0
20210208,수원,45.3,31.0
20210209,수원,56.8,32.0
20210210,수원,78.6,67.0
20210211,수원,82.4,45.0
20210212,수원,72.4,31.0
20210213,수원,73.6,25.0
20210214,수원,63.8,38.0
20210215,수원,71.8,43.0
20210216,수원,67.4,36.0
20210217,수원,53.5,39.0
20210218,수원,53.4,37.0
20210219,수원,73.0,55.0
20210220,수원,64.9,24.0
20210221,수원,69.8,48.0
20210222,수원,67.8,37.0
20210223,수원,41.8,26.0
20210224,수원,45.9,19.0
20210225,수원,57.8,34.0
20210226,수원,40.1,18.0
20210227,수원,51.1,35.0
20210228,수원,54.3,40.0
20210301,수원,97.5,57.0
20210302,수원,81.6,49.0
20210303,수원,75.3,39.0
20210304,수원,70.9,52.0
20210305,수원,80.3,45.0
20210306,수원,,53.0
20210307,수원,72.1,59.0
20210308,수원,76.0,32.0
20210309,수원,69.6,25.0
20210310,수원,73.1,31.0
20210311,수원,62.3,21.0
20210312,수원,70.0,55.0
20210313,수원,72.9,49.0
20210314,수원,81.6,55.0
20210315,수원,75.4,37.0
20210316,수원,61.6,31.0
20210317,수원,58.8,29.0
20210318,수원,61.1,30.0
20210319,수원,54.1,38.0
20210320,수원,84.0,53.0
20210321,수원,73.1,52.0
20210322,수원,63.9,27.0
20210323,수원,70.9,35.0
20210324,수원,70.8,32.0
20210325,수원,79.1,46.0
20210326,수원,66.4,22.0
20210327,수원,82.8,43.0
20210328,수원,98.0,91.0
20210329,수원,71.3,32.0
20210330,수원,57.3,20.0
20210331,수원,54.8,23.0
20210401,수원,39.1,22.0
20210402,수원,40.0,31.0
20210403,수원,85.4,56.0
20210404,수원,68.3,51.0
20210405,수원,51.4,23.0
20210406,수원,61.0,31.0
20210407,수원,62.3,26.0
20210408,수원,56.8,33.0
20210409,수원,50.6,30.0
20210410,수원,59.3,27.0
20210411,수원,59.0,31.0
20210412,수원,76.4,38.0
20210413,수원,82.4,64.0
20210414,수원,63.3,29.0
20210415,수원,67.4,33.0
20210416,수원,79.8,52.0
20210417,수원,70.3,36.0
20210418,수원,70.8,49.0
20210419,수원,69.5,45.0
20210420,수원,63.4,29.0
20210421,수원,50.9,21.0
20210422,수원,42.5,26.0
20210423,수원,36.4,25.0
20210424,수원,49.1,26.0
20210425,수원,60.3,36.0
20210426,수원,56.6,31.0
20210427,수원,68.5,44.0
20210428,수원,75.9,45.0
20210429,수원,62.1,33.0
20210430,수원,91.6,67.0
20210501,수원,85.1,57.0
20210502,수원,75.9,42.0
20210503,수원,70.3,36.0
20210504,수원,86.3,63.0
20210505,수원,70.0,31.0
20210506,수원,54.0,31.0
20210507,수원,67.8,46.0
20210508,수원,72.9,38.0
20210509,수원,62.8,28.0
20210510,수원,91.0,62.0
20210511,수원,53.8,31.0
20210512,수원,44.5,32.0
20210513,수원,66.9,41.0
20210514,수원,71.6,40.0
20210515,수원,92.0,76.0
20210516,수원,100.0,100.0
20210517,수원,99.3,96.0
20210518,수원,83.9,53.0
20210519,수원,66.3,28.0
20210520,수원,74.3,45.0
20210521,수원,97.9,90.0
20210522,수원,77.5,50.0
20210523,수원,73.8,52.0
20210524,수원,76.9,27.0
20210525,수원,83.5,62.0
20210526,수원,66.8,34.0
20210527,수원,90.4,60.0
20210528,수원,91.6,70.0
20210529,수원,78.1,56.0
20210530,수원,77.5,40.0
20210531,수원,76.4,58.0
20210601,수원,74.8,56.0
20210602,수원,68.1,37.0
20210603,수원,91.6,65.0
20210604,수원,77.4,47.0
20210605,수원,76.8,51.0
20210606,수원,79.9,54.0
20210607,수원,72.4,46.0
20210608,수원,75.5,44.0
20210609,수원,69.4,36.0
20210610,수원,73.4,41.0
20210611,수원,89.0,69.0
20210612,수원,83.1,56.0
20210613,수원,87.9,58.0
20210614,수원,82.4,62.0
20210615,수원,78.4,61.0
20210616,수원,60.1,43.0
20210617,수원,77.0,64.0
20210618,수원,97.4,92.0
20210619,수원,81.4,55.0
20210620,수원,78.3,46.0
20210621,수원,74.1,43.0
20210622,수원,67.9,42.0
20210623,수원,76.0,62.0
20210624,수원,79.0,53.0
20210625,수원,77.8,51.0
20210626,수원,80.9,58.0
20210627,수원,72.6,47.0
20210628,수원,78.8,51.0
20210629,수원,84.0,58.0
20210630,수원,82.6,57.0
20210701,수원,76.4,49.0
20210702,수원,65.1,43.0
20210703,수원,81.0,63.0
20210704,수원,97.1,87.0
20210705,수원,84.5,67.0
20210706,수원,83.1,61.0
20210707,수원,89.9,73.0
20210708,수원,89.1,64.0
20210709,수원,85.5,67.0
20210710,수원,83.3,62.0
20210711,수원,88.6,78.0
20210712,수원,82.6,59.0
20210713,수원,79.3,59.0
20210714,수원,77.0,58.0
20210715,수원,78.6,52.0
20210716,수원,77.3,49.0
20210717,수원,73.9,53.0
20210718,수원,70.5,48.0
20210719,수원,85.4,55.0
20210720,수원,78.6,53.0
20210721,수원,68.0,33.0
20210722,수원,63.3,39.0
20210723,수원,66.4,37.0
20210724,수원,67.0,36.0
20210725,수원,61.8,43.0
20210726,수원,62.3,41.0
20210727,수원,65.6,47.0
20210728,수원,78.0,53.0
20210729,수원,80.0,57.0
20210730,수원,71.3,43.0
20210731,수원,80.0,56.0
20210801,수원,91.1,82.0
20210802,수원,90.6,73.0
20210803,수원,85.6,67.0
20210804,수원,79.1,52.0
20210805,수원,75.0,54.0
20210806,수원,74.3,55.0
20210807,수원,77.3,52.0
20210808,수원,78.9,60.0
20210809,수원,66.4,44.0
20210810,수원,68.5,48.0
20210811,수원,80.3,54.0
20210812,수원,74.9,54.0
20210813,수원,75.4,62.0
20210814,수원,66.1,52.0
20210815,수원,64.3,44.0
20210816,수원,62.9,46.0
20210817,수원,69.0,49.0
20210818,수원,78.8,52.0
20210819,수원,62.3,47.0
20210820,수원,77.3,54.0
20210821,수원,90.8,74.0
20210822,수원,86.5,65.0
20210823,수원,95.1,85.0
20210824,수원,95.6,86.0
20210825,수원,95.1,85.0
20210826,수원,91.6,78.0
20210827,수원,94.6,74.0
20210828,수원,88.4,66.0
20210829,수원,91.5,70.0
20210830,수원,88.4,65.0
20210831,수원,97.3,78.0
20210901,수원,91.0,79.0
20210902,수원,75.4,64.0
20210903,수원,64.5,47.0
20210904,수원,59.6,47.0
20210905,수원,64.5,55.0
20210906,수원,76.0,53.0
20210907,수원,99.8,94.0
20210908,수원,86.1,60.0
20210909,수원,83.0,49.0
20210910,수원,86.1,57.0
20210911,수원,81.1,50.0
20210912,수원,78.0,47.0
20210913,수원,69.5,51.0
20210914,수원,65.1,46.0
20210915,수원,58.8,45.0
20210916,수원,62.4,48.0
20210917,수원,63.1,50.0
20210918,수원,73.3,48.0
20210919,수원,74.3,53.0
20210920,수원,67.0,47.0
20210921,수원,88.4,69.0
20210922,수원,81.5,53.0
20210923,수원,74.1,51.0
20210924,수원,69.4,43.0
20210925,수원,73.0,60.0
20210926,수원,64.4,50.0
20210927,수원,66.3,54.0
20210928,수원,77.9,54.0
20210929,수원,94.3,85.0
20210930,수원,84.4,49.0
20211001,수원,82.5,41.0
20211002,수원,81.4,47.0
20211003,수원,75.4,41.0
20211004,수원,77.1,67.0
20211005,수원,77.3,55.0
20211006,수원,86.0,72.0
20211007,수원,86.9,66.0
20211008,수원,90.0,79.0
20211009,수원,77.1,59.0
20211010,수원,86.5,69.0
20211011,수원,67.3,40.0
20211012,수원,67.4,55.0
20211013,수원,67.9,50.0
20211014,수원,77.9,53.0
20211015,수원,76.3,60.0
20211016,수원,41.3,26.0
20211017,수원,39.4,21.0
20211018,수원,59.8,34.0
20211019,수원,75.3,45.0
20211020,수원,69.6,36.0
20211021,수원,70.6,36.0
20211022,수원,64.8,33.0
20211023,수원,68.6,29.0
20211024,수원,73.8,35.0
20211025,수원,74.4,39.0
20211026,수원,78.4,41.0
20211027,수원,68.3,29.0
20211028,수원,63.3,25.0
20211029,수원,60.1,37.0
20211030,수원,64.9,46.0
20211031,수원,80.3,48.0
20211101,수원,82.1,51.0
20211102,수원,80.1,47.0
20211103,수원,77.9,35.0
20211104,수원,89.9,63.0
20211105,수원,72.6,19.0
20211106,수원,65.9,23.0
20211107,수원,61.1,38.0
20211108,수원,85.5,55.0
20211109,수원,91.3,84.0
20211110,수원,80.5,57.0
20211111,수원,64.6,51.0
20211112,수원,60.6,40.0
20211113,수원,71.9,50.0
20211114,수원,73.5,32.0
20211115,수원,76.6,32.0
20211116,수원,74.6,31.0
20211117,수원,68.6,25.0
20211118,수원,76.1,62.0
20211119,수원,89.3,64.0
20211120,수원,83.8,35.0
20211121,수원,80.9,56.0
20211122,수원,62.6,44.0
20211123,수원,67.0,53.0
20211124,수원,81.9,56.0
20211125,수원,66.9,37.0
20211126,수원,61.6,32.0
20211127,수원,62.9,25.0
20211128,수원,64.3,25.0
20211129,수원,70.3,48.0
20211130,수원,81.3,55.0
20211201,수원,49.5,36.0
20211202,수원,70.9,51.0
20211203,수원,57.6,25.0
20211204,수원,56.3,35.0
20211205,수원,64.8,31.0
20211206,수원,67.3,32.0
20211207,수원,72.8,40.0
20211208,수원,75.9,38.0
20211209,수원,73.0,55.0
20211210,수원,84.1,69.0
20211211,수원,86.9,66.0
20211212,수원,62.0,31.0
20211213,수원,44.4,24.0
20211214,수원,70.4,52.0
20211215,수원,93.5,69.0
20211216,수원,77.4,37.0
20211217,수원,50.0,34.0
20211218,수원,66.1,34.0
20211219,수원,69.4,45.0
20211220,수원,76.5,55.0
20211221,수원,73.5,34.0
20211222,수원,55.8,27.0
20211223,수원,64.4,32.0
20211224,수원,70.1,50.0
20211225,수원,39.4,26.0
20211226,수원,42.3,25.0
20211227,수원,65.4,40.0
20211228,수원,77.9,56.0
20211229,수원,76.0,52.0
20211230,수원,55.1,33.0
20211231,수원,35.6,28.0
20220101,수원,48.0,31.0
20220102,수원,64.4,50.0
20220103,수원,63.1,34.0
20220104,수원,52.0,26.0
20220105,수원,52.4,32.0
20220106,수원,55.0,28.0
20220107,수원,57.8,26.0
20220108,수원,71.4,47.0
20220109,수원,80.4,53.0
20220110,수원,77.4,37.0
20220111,수원,56.0,41.0
20220112,수원,51.5,38.0
20220113,수원,44.9,32.0
20220114,수원,44.1,20.0
20220115,수원,54.5,39.0
20220116,수원,56.5,36.0
20220117,수원,56.6,39.0
20220118,수원,51.0,21.0
20220119,수원,74.8,63.0
20220120,수원,64.6,37.0
20220121,수원,61.1,25.0
20220122,수원,57.9,32.0
20220123,수원,59.8,37.0
20220124,수원,57.0,40.0
20220125,수원,84.6,50.0
20220126,수원,67.5,31.0
20220127,수원,54.1,34.0
20220128,수원,51.6,33.0
20220129,수원,51.9,28.0
20220130,수원,52.0,24.0
20220131,수원,58.9,30.0
20220201,수원,77.1,61.0
20220202,수원,60.8,39.0
20220203,수원,53.9,26.0
20220204,수원,53.8,32.0
20220205,수원,50.0,34.0
20220206,수원,51.4,32.0
20220207,수원,51.1,28.0
20220208,수원,57.4,25.0
20220209,수원,60.9,22.0
20220210,수원,66.6,30.0
20220211,수원,70.6,33.0
20220212,수원,62.8,12.0
20220213,수원,56.8,31.0
20220214,수원,68.5,39.0
20220215,수원,59.6,47.0
20220216,수원,50.6,35.0
20220217,수원,45.6,27.0
20220218,수원,46.1,17.0
20220219,수원,54.0,43.0
20220220,수원,45.6,26.0
20220221,수원,58.8,41.0
20220222,수원,42.8,29.0
20220223,수원,38.3,27.0
20220224,수원,54.5,29.0
20220225,수원,75.1,52.0
20220226,수원,78.6,60.0
20220227,수원,60.1,27.0
20220228,수원,56.5,25.0
20220301,수원,83.0,43.0
20220302,수원,64.0,29.0
20220303,수원,63.8,25.0
20220304,수원,64.6,26.0
20220305,수원,36.9,23.0
20220306,수원,42.9,21.0
20220307,수원,59.3,27.0
20220308,수원,66.3,43.0
20220309,수원,76.6,37.0
20220310,수원,58.9,18.0
20220311,수원,65.8,47.0
20220312,수원,76.4,51.0
20220313,수원,96.6,72.0
20220314,수원,94.0,84.0
20220315,수원,78.9,46.0
20220316,수원,71.6,34.0
20220317,수원,65.3,47.0
20220318,수원,60.6,51.0
20220319,수원,93.8,59.0
20220320,수원,75.5,44.0
20220321,수원,54.1,20.0
20220322,수원,55.4,26.0
20220323,수원,61.8,38.0
20220324,수원,70.1,56.0
20220325,수원,69.0,39.0
20220326,수원,87.0,69.0
20220327,수원,57.1,25.0
20220328,수원,41.8,14.0
20220329,수원,60.4,38.0
20220330,수원,78.6,52.0
20220331,수원,74.5,51.0
20220401,수원,59.1,26.0
20220402,수원,61.0,25.0
20220403,수원,63.3,30.0
20220404,수원,56.1,21.0
20220405,수원,48.5,22.0
20220406,수원,53.0,14.0
20220407,수원,51.5,26.0
20220408,수원,51.4,24.0
20220409,수원,47.5,32.0
20220410,수원,53.8,28.0
20220411,수원,67.3,32.0
20220412,수원,82.1,51.0
20220413,수원,83.1,61.0
20220414,수원,65.4,50.0
20220415,수원,57.9,33.0
20220416,수원,57.4,14.0
20220417,수원,60.8,25.0
20220418,수원,50.6,20.0
20220419,수원,60.3,27.0
20220420,수원,58.3,22.0
20220421,수원,54.0,20.0
20220422,수원,75.1,60.0
20220423,수원,61.8,20.0
20220424,수원,75.0,42.0
20220425,수원,79.0,54.0
20220426,수원,70.4,45.0
20220427,수원,38.3,18.0
20220428,수원,55.6,23.0
20220429,수원,68.4,51.0
20220430,수원,68.5,46.0
20220501,수원,59.9,19.0
20220502,수원,62.8,21.0
20220503,수원,52.9,24.0
20220504,수원,45.8,26.0
20220505,수원,56.3,27.0
20220506,수원,71.5,37.0
20220507,수원,66.9,20.0
20220508,수원,52.8,39.0
20220509,수원,62.3,27.0
20220510,수원,48.6,16.0
20220511,수원,55.4,31.0
20220512,수원,60.8,38.0
20220513,수원,56.3,36.0
20220514,수원,56.1,27.0
20220515,수원,45.3,20.0
20220516,수원,54.0,30.0
20220517,수원,58.1,34.0
20220518,수원,53.8,31.0
20220519,수원,47.5,32.0
20220520,수원,56.6,36.0
20220521,수원,77.3,45.0
20220522,수원,75.0,54.0
20220523,수원,68.1,35.0
20220524,수원,65.5,31.0
20220525,수원,76.4,37.0
20220526,수원,62.6,30.0
20220527,수원,64.5,46.0
20220528,수원,55.4,29.0
20220529,수원,64.8,32.0
20220530,수원,80.5,61.0
20220531,수원,54.8,27.0
20220601,수원,43.0,18.0
20220602,수원,74.8,52.0
20220603,수원,68.1,35.0
20220604,수원,60.8,41.0
20220605,수원,61.0,49.0
20220606,수원,69.8,47.0
20220607,수원,56.8,31.0
20220608,수원,67.5,47.0
20220609,수원,75.0,47.0
20220610,수원,74.1,39.0
20220611,수원,54.3,20.0
20220612,수원,60.5,27.0
20220613,수원,51.1,27.0
20220614,수원,50.9,30.0
20220615,수원,90.8,65.0
20220616,수원,75.9,42.0
20220617,수원,75.6,48.0
20220618,수원,78.3,57.0
20220619,수원,78.6,58.0
20220620,수원,72.9,38.0
20220621,수원,73.6,34.0
20220622,수원,73.4,36.0
20220623,수원,88.1,53.0
20220624,수원,78.3,53.0
20220625,수원,66.6,47.0
20220626,수원,61.8,54.0
20220627,수원,60.3,52.0
20220628,수원,53.4,48.0
20220629,수원,76.4,55.0
20220630,수원,92.9,80.0
20220701,수원,79.3,61.0
20220702,수원,68.8,45.0
20220703,수원,60.0,28.0
20220704,수원,67.4,56.0
20220705,수원,77.6,63.0
20220706,수원,75.9,50.0
20220707,수원,79.6,61.0
20220708,수원,82.6,63.0
20220709,수원,83.8,63.0
20220710,수원,71.5,46.0
20220711,수원,79.9,64.0
20220712,수원,73.0,61.0
20220713,수원,96.3,78.0
20220714,수원,90.4,73.0
20220715,수원,81.9,56.0
20220716,수원,81.0,56.0
20220717,수원,79.0,58.0
20220718,수원,80.4,65.0
20220719,수원,82.6,56.0
20220720,수원,77.6,51.0
20220721,수원,89.9,73.0
20220722,수원,81.5,62.0
20220723,수원,88.6,66.0
20220724,수원,88.9,72.0
20220725,수원,81.8,57.0
20220726,수원,75.1,50.0
20220727,수원,71.9,52.0
20220728,수원,69.0,50.0
20220729,수원,69.0,51.0
20220730,수원,62.9,52.0
20220731,수원,87.0,67.0
20220801,수원,82.9,65.0
20220802,수원,92.0,75.0
20220803,수원,89.6,71.0
20220804,수원,84.3,59.0
20220805,수원,86.6,69.0
20220806,수원,90.1,70.0
20220807,수원,83.5,67.0
20220808,수원,92.1,81.0
20220809,수원,96.3,84.0
20220810,수원,95.1,79.0
20220811,수원,97.5,87.0
20220812,수원,78.8,47.0
20220813,수원,90.6,81.0
20220814,수원,93.7,73.0
20220815,수원,85.0,70.0
20220816,수원,80.5,59.0
20220817,수원,81.9,60.0
20220818,수원,78.4,52.0
20220819,수원,87.8,72.0
20220820,수원,84.5,67.0
20220821,수원,80.9,51.0
20220822,수원,81.4,56.0
20220823,수원,83.4,62.0
20220824,수원,71.6,55.0
20220825,수원,80.1,59.0
20220826,수원,78.5,53.0
20220827,수원,61.9,37.0
20220828,수원,63.6,35.0
20220829,수원,74.4,59.0
20220830,수원,98.1,74.0
20220831,수원,89.6,75.0
20220901,수원,76.9,38.0
20220902,수원,65.5,44.0
20220903,수원,61.0,50.0
20220904,수원,84.9,65.0
20220905,수원,97.0,90.0
20220906,수원,81.6,56.0
20220907,수원,74.1,30.0
20220908,수원,73.6,35.0
20220909,수원,66.5,30.0
20220910,수원,50.9,34.0
20220911,수원,69.4,54.0
20220912,수원,79.4,56.0
20220913,수원,75.4,64.0
20220914,수원,53.5,44.0
20220915,수원,62.3,51.0
20220916,수원,76.0,55.0
20220917,수원,86.9,61.0
20220918,수원,74.3,53.0
20220919,수원,61.1,46.0
20220920,수원,58.5,37.0
20220921,수원,60.0,34.0
20220922,수원,63.6,43.0
20220923,수원,74.4,43.0
20220924,수원,71.5,39.0
20220925,수원,72.0,33.0
20220926,수원,64.6,24.0
20220927,수원,72.4,29.0
20220928,수원,78.1,46.0
20220929,수원,81.5,39.0
20220930,수원,78.4,33.0
20221001,수원,77.5,28.0
20221002,수원,78.3,54.0
20221003,수원,97.0,89.0
20221004,수원,77.9,63.0
20221005,수원,69.9,43.0
20221006,수원,73.6,55.0
20221007,수원,64.5,41.0
20221008,수원,65.0,38.0
20221009,수원,84.5,64.0
20221010,수원,77.9,60.0
20221011,수원,73.4,48.0
20221012,수원,75.1,40.0
20221013,수원,73.6,39.0
20221014,수원,79.4,44.0
20221015,수원,75.0,29.0
20221016,수원,80.0,53.0
20221017,수원,49.8,25.0
20221018,수원,53.8,31.0
20221019,수원,63.9,30.0
20221020,수원,72.6,31.0
20221021,수원,73.4,35.0
20221022,수원,78.9,45.0
20221023,수원,64.4,28.0
20221024,수원,53.0,24.0
20221025,수원,54.9,26.0
20221026,수원,54.8,32.0
20221027,수원,75.1,42.0
20221028,수원,80.3,35.0
20221029,수원,73.3,28.0
20221030,수원,70.1,34.0
20221031,수원,69.0,33.0
20221101,수원,81.0,38.0
20221102,수원,60.6,14.0
20221103,수원,65.6,40.0
20221104,수원,39.9,21.0
20221105,수원,53.8,24.0
20221106,수원,63.3,28.0
20221107,수원,66.4,34.0
20221108,수원,75.4,40.0
20221109,수원,81.9,52.0
20221110,수원,75.9,42.0
20221111,수원,67.9,32.0
20221112,수원,82.5,47.0
20221113,수원,80.5,64.0
20221114,수원,75.0,48.0
20221115,수원,81.6,63.0
20221116,수원,72.3,25.0
20221117,수원,69.5,34.0
20221118,수원,72.6,22.0
20221119,수원,60.6,34.0
20221120,수원,68.0,31.0
20221121,수원,76.1,45.0
20221122,수원,74.8,40.0
20221123,수원,62.3,41.0
20221124,수원,69.9,43.0
20221125,수원,71.9,31.0
20221126,수원,66.8,35.0
20221127,수원,52.4,28.0
20221128,수원,72.9,41.0
20221129,수원,66.4,35.0
20221130,수원,54.4,37.0
20221201,수원,51.6,34.0
20221202,수원,57.5,35.0
20221203,수원,75.5,56.0
20221204,수원,44.5,26.0
20221205,수원,45.9,28.0
20221206,수원,82.9,60.0
20221207,수원,77.5,52.0
20221208,수원,72.3,32.0
20221209,수원,77.1,55.0
20221210,수원,69.1,33.0
20221211,수원,66.8,31.0
20221212,수원,84.8,56.0
20221213,수원,87.3,65.0
20221214,수원,60.6,51.0
20221215,수원,86.8,70.0
20221216,수원,67.3,49.0
20221217,수원,64.6,39.0
20221218,수원,60.3,40.0
20221219,수원,70.4,45.0
20221220,수원,69.6,45.0
20221221,수원,92.0,62.0
20221222,수원,66.1,53.0
20221223,수원,67.9,59.0
20221224,수원,65.3,45.0
20221225,수원,79.0,50.0
20221226,수원,77.0,48.0
20221227,수원,82.4,53.0
20221228,수원,69.9,39.0
20221229,수원,68.0,39.0
20221230,수원,80.8,54.0
20221231,수원,81.4,56.0
20230101,수원,63.1,35.0
20230102,수원,54.9,35.0
20230103,수원,62.8,37.0
20230104,수원,70.9,46.0
20230105,수원,80.1,52.0
20230106,수원,84.1,59.0
20230107,수원,88.0,64.0
20230108,수원,77.9,52.0
20230109,수원,64.3,36.0
20230110,수원,73.4,47.0
20230111,수원,83.3,39.0
20230112,수원,62.3,36.0
20230113,수원,99.5,49.0
20230114,수원,99.8,95.0
20230115,수원,98.9,93.0
20230116,수원,67.6,37.0
20230117,수원,61.5,41.0
20230118,수원,64.0,24.0
20230119,수원,65.1,39.0
20230120,수원,46.4,22.0
20230121,수원,50.5,28.0
20230122,수원,46.3,30.0
20230123,수원,61.3,38.0
20230124,수원,45.6,31.0
20230125,수원,39.9,19.0
20230126,수원,79.4,45.0
20230127,수원,55.0,31.0
20230128,수원,48.5,34.0
20230129,수원,58.3,44.0
20230130,수원,51.5,26.0
20230131,수원,67.8,41.0
20230201,수원,64.4,35.0
20230202,수원,52.5,32.0
20230203,수원,51.1,25.0
20230204,수원,68.0,42.0
20230205,수원,76.6,45.0
20230206,수원,72.8,32.0
20230207,수원,79.5,46.0
20230208,수원,72.3,30.0
20230209,수원,55.8,33.0
20230210,수원,84.4,61.0
20230211,수원,83.4,52.0
20230212,수원,70.5,49.0
20230213,수원,62.1,47.0
20230214,수원,53.8,36.0
20230215,수원,50.4,38.0
20230216,수원,72.4,50.0
20230217,수원,69.4,36.0
20230218,수원,57.0,33.0
20230219,수원,63.4,33.0
20230220,수원,48.9,24.0
20230221,수원,46.8,21.0
20230222,수원,60.5,23.0
20230223,수원,69.6,37.0
20230224,수원,58.4,24.0
20230225,수원,41.4,23.0
20230226,수원,47.6,24.0
20230227,수원,54.4,28.0
20230228,수원,67.3,43.0
20230301,수원,56.1,23.0
20230302,수원,38.9,19.0
20230303,수원,65.6,40.0
20230304,수원,70.4,31.0
20230305,수원,60.8,17.0
20230306,수원,50.1,18.0
20230307,수원,65.6,41.0
20230308,수원,66.6,32.0
20230309,수원,82.1,65.0
20230310,수원,60.8,23.0
20230311,수원,54.6,16.0
20230312,수원,67.1,35.0
20230313,수원,36.3,16.0
20230314,수원,45.4,20.0
20230315,수원,67.1,28.0
20230316,수원,35.0,14.0
20230317,수원,39.1,12.0
20230318,수원,50.9,20.0
20230319,수원,70.0,27.0
20230320,수원,57.4,16.0
20230321,수원,44.4,13.0
20230322,수원,49.3,28.0
20230323,수원,54.5,30.0
20230324,수원,43.9,25.0
20230325,수원,59.3,41.0
20230326,수원,40.4,12.0
20230327,수원,47.5,18.0
20230328,수원,58.1,16.0
20230329,수원,60.3,23.0
20230330,수원,50.1,14.0
20230331,수원,52.1,24.0
20230401,수원,47.9,14.0
20230402,수원,31.0,14.0
20230403,수원,29.1,14.0
20230404,수원,41.1,18.0
20230405,수원,93.9,87.0
20230406,수원,92.5,78.0
20230407,수원,63.4,28.0
20230408,수원,57.9,22.0
20230409,수원,59.1,26.0
20230410,수원,49.5,30.0
20230411,수원,72.4,48.0
20230412,수원,54.4,13.0
20230413,수원,44.6,16.0
20230414,수원,56.6,25.0
20230415,수원,87.0,67.0
20230416,수원,70.5,33.0
20230417,수원,55.9,25.0
20230418,수원,74.3,38.0
20230419,수원,65.8,22.0
20230420,수원,88.8,71.0
20230421,수원,50.3,16.0
20230422,수원,20.4,11.0
20230423,수원,41.8,17.0
20230424,수원,44.8,28.0
20230425,수원,68.1,51.0
20230426,수원,71.4,53.0
20230427,수원,67.9,30.0
20230428,수원,64.8,26.0
20230429,수원,87.3,69.0
20230430,수원,68.9,36.0
20230501,수원,60.9,24.0
20230502,수원,47.4,20.0
20230503,수원,54.4,18.0
20230504,수원,65.8,42.0
20230505,수원,91.3,62.0
20230506,수원,85.3,69.0
20230507,수원,60.9,39.0
20230508,수원,60.0,30.0
20230509,수원,62.8,34.0
20230510,수원,61.1,27.0
20230511,수원,51.8,25.0
20230512,수원,57.3,22.0
20230513,수원,67.5,36.0
20230514,수원,62.1,31.0
20230515,수원,58.6,32.0
20230516,수원,55.9,32.0
20230517,수원,65.9,31.0
20230518,수원,70.3,41.0
20230519,수원,63.5,46.0
20230520,수원,70.4,51.0
20230521,수원,76.5,56.0
20230522,수원,65.5,31.0
20230523,수원,60.8,36.0
20230524,수원,55.4,28.0
20230525,수원,49.8,28.0
20230526,수원,56.1,35.0
20230527,수원,90.0,71.0
20230528,수원,97.6,93.0
20230529,수원,86.6,62.0
20230530,수원,79.1,54.0
20230531,수원,61.5,39.0
20230601,수원,71.6,53.0
20230602,수원,82.8,63.0
20230603,수원,62.9,31.0
20230604,수원,65.9,27.0
20230605,수원,71.0,48.0
20230606,수원,73.0,48.0
20230607,수원,73.8,59.0
20230608,수원,79.0,64.0
20230609,수원,65.4,31.0
20230610,수원,65.9,45.0
20230611,수원,71.8,48.0
20230612,수원,74.5,47.0
20230613,수원,71.8,50.0
20230614,수원,74.3,43.0
20230615,수원,75.0,53.0
20230616,수원,69.4,39.0
20230617,수원,63.5,35.0
20230618,수원,68.1,44.0
20230619,수원,61.5,40.0
20230620,수원,62.8,42.0
20230621,수원,92.8,78.0
20230622,수원,80.1,57.0
20230623,수원,78.3,52.0
20230624,수원,73.9,52.0
20230625,수원,63.0,44.0
20230626,수원,86.0,60.0
20230627,수원,75.4,51.0
20230628,수원,78.3,61.0
20230629,수원,94.4,87.0
20230630,수원,86.6,69.0
20230701,수원,81.1,61.0
20230702,수원,82.9,65.0
20230703,수원,74.8,43.0
20230704,수원,88.9,70.0
20230705,수원,83.8,68.0
20230706,수원,72.1,46.0
20230707,수원,71.6,47.0
20230708,수원,84.5,63.0
20230709,수원,86.3,76.0
20230710,수원,80.8,60.0
20230711,수원,89.8,82.0
20230712,수원,85.9,67.0
20230713,수원,94.6,89.0
20230714,수원,96.8,93.0
20230715,수원,92.9,82.0
20230716,수원,88.0,75.0
20230717,수원,89.8,76.0
20230718,수원,92.5,76.0
20230719,수원,80.9,58.0
20230720,수원,78.3,56.0
20230721,수원,70.4,45.0
20230722,수원,79.0,50.0
20230723,수원,94.4,84.0
20230724,수원,85.8,66.0
20230725,수원,83.6,65.0
20230726,수원,82.6,66.0
20230727,수원,79.6,58.0
20230728,수원,74.3,52.0
20230729,수원,71.3,53.0
20230730,수원,75.6,48.0
20230731,수원,78.4,59.0
20230801,수원,73.3,51.0
20230802,수원,74.6,51.0
20230803,수원,70.4,51.0
20230804,수원,70.3,51.0
20230805,수원,72.3,50.0
20230806,수원,78.8,56.0
20230807,수원,70.1,51.0
20230808,수원,61.0,50.0
20230809,수원,67.1,58.0
20230810,수원,93.3,80.0
20230811,수원,89.3,75.0
20230812,수원,85.6,75.0
20230813,수원,75.8,53.0
20230814,수원,77.9,55.0
20230815,수원,76.0,57.0
20230816,수원,75.8,56.0
20230817,수원,74.9,50.0
20230818,수원,73.3,54.0
20230819,수원,71.9,53.0
20230820,수원,74.9,46.0
20230821,수원,72.1,53.0
20230822,수원,76.3,59.0
20230823,수원,91.5,79.0
20230824,수원,84.6,70.0
20230825,수원,81.1,59.0
20230826,수원,79.1,51.0
20230827,수원,77.3,54.0
20230828,수원,82.6,72.0
20230829,수원,90.1,75.0
20230830,수원,90.8,74.0
20230831,수원,82.4,53.0
20230901,수원,72.8,40.0
20230902,수원,69.0,38.0
20230903,수원,82.6,66.0
20230904,수원,81.5,63.0
20230905,수원,71.3,48.0
20230906,수원,67.1,44.0
20230907,수원,53.6,34.0
20230908,수원,63.8,36.0
20230909,수원,71.6,47.0
20230910,수원,72.6,52.0
20230911,수원,72.1,48.0
20230912,수원,72.3,44.0
20230913,수원,89.1,79.0
20230914,수원,75.5,62.0
20230915,수원,85.8,67.0
20230916,수원,89.8,73.0
20230917,수원,83.1,62.0
20230918,수원,82.5,53.0
20230919,수원,84.9,54.0
20230920,수원,89.8,73.0
20230921,수원,70.3,53.0
20230922,수원,73.5,37.0
20230923,수원,66.1,40.0
20230924,수원,58.0,39.0
20230925,수원,66.8,49.0
20230926,수원,96.9,89.0
20230927,수원,92.5,81.0
20230928,수원,82.1,57.0
20230929,수원,76.8,33.0
20230930,수원,80.0,59.0
20231001,수원,69.0,32.0
20231002,수원,62.6,28.0
20231003,수원,70.8,47.0
20231004,수원,73.9,45.0
20231005,수원,41.4,30.0
20231006,수원,63.3,30.0
20231007,수원,66.6,45.0
20231008,수원,68.1,57.0
20231009,수원,68.6,49.0
20231010,수원,78.1,37.0
20231011,수원,64.8,30.0
20231012,수원,69.6,36.0
20231013,수원,71.4,43.0
20231014,수원,89.0,71.0
20231015,수원,83.8,57.0
20231016,수원,64.4,28.0
20231017,수원,66.4,28.0
20231018,수원,75.4,42.0
20231019,수원,90.0,77.0
20231020,수원,48.6,32.0
20231021,수원,61.6,28.0
20231022,수원,74.0,41.0
20231023,수원,79.3,44.0
20231024,수원,85.8,64.0
20231025,수원,83.1,52.0
20231026,수원,82.5,62.0
20231027,수원,71.4,46.0
20231028,수원,73.3,26.0
20231029,수원,69.4,25.0
20231030,수원,78.6,44.0
20231031,수원,81.5,49.0
20231101,수원,82.6,73.0
20231102,수원,73.3,31.0
20231103,수원,83.6,66.0
20231104,수원,80.1,69.0
20231105,수원,82.0,67.0
20231106,수원,79.0,41.0
20231107,수원,65.8,47.0
20231108,수원,64.3,15.0
20231109,수원,73.0,56.0
20231110,수원,47.3,22.0
20231111,수원,49.4,20.0
20231112,수원,56.0,34.0
20231113,수원,57.4,28.0
20231114,수원,72.8,46.0
20231115,수원,77.3,49.0
20231116,수원,88.3,68.0
20231117,수원,69.9,28.0
20231118,수원,60.8,48.0
20231119,수원,71.8,45.0
20231120,수원,66.6,30.0
20231121,수원,68.8,24.0
20231122,수원,75.8,47.0
20231123,수원,73.3,49.0
20231124,수원,51.4,37.0
20231125,수원,47.6,19.0
20231126,수원,46.3,24.0
20231127,수원,80.0,56.0
20231128,수원,59.1,26.0
20231129,수원,60.4,42.0
20231130,수원,50.4,37.0
20231201,수원,57.1,31.0
20231202,수원,62.6,44.0
20231203,수원,58.4,28.0
20231204,수원,65.6,32.0
20231205,수원,57.1,40.0
20231206,수원,79.1,55.0
20231207,수원,61.0,46.0
20231208,수원,69.1,51.0
20231209,수원,88.3,68.0
20231210,수원,73.4,54.0
20231211,수원,81.6,63.0
20231212,수원,73.8,56.0
20231213,수원,72.8,56.0
20231214,수원,80.0,62.0
20231215,수원,95.1,89.0
20231216,수원,73.5,53.0
20231217,수원,49.5,39.0
20231218,수원,50.8,37.0
20231219,수원,57.8,41.0
20231220,수원,64.8,48.0
20231221,수원,55.4,42.0
20231222,수원,50.9,38.0
20231223,수원,57.8,38.0
20231224,수원,76.3,51.0
20231225,수원,86.8,53.0
20231226,수원,80.3,51.0
20231227,수원,83.1,52.0
20231228,수원,82.9,59.0
20231229,수원,79.6,56.0
20231230,수원,91.1,77.0
20231231,수원,91.0,75.0
20240101,수원,84.8,64.0
20240102,수원,78.4,58.0
20240103,수원,84.3,65.0
20240104,수원,73.3,56.0
20240105,수원,79.4,60.0
20240106,수원,67.5,35.0
20240107,수원,55.6,39.0
20240108,수원,57.5,21.0
20240109,수원,83.1,56.0
20240110,수원,85.1,70.0
20240111,수원,80.4,68.0
20240112,수원,66.4,28.0
20240113,수원,48.9,19.0
20240114,수원,79.4,55.0
20240115,수원,47.6,25.0
20240116,수원,54.3,29.0
20240117,수원,82.3,53.0
20240118,수원,81.6,67.0
20240119,수원,59.6,51.0
20240120,수원,72.0,52.0
20240121,수원,77.5,61.0
20240122,수원,64.9,52.0
20240123,수원,54.9,46.0
20240124,수원,49.6,38.0
20240125,수원,47.1,27.0
20240126,수원,66.9,41.0
20240127,수원,72.4,35.0
20240128,수원,71.0,47.0
20240129,수원,70.6,41.0
20240130,수원,64.4,29.0
20240131,수원,55.8,23.0
20240201,수원,69.6,44.0
20240202,수원,73.3,51.0
20240203,수원,77.0,50.0
20240204,수원,71.1,45.0
20240205,수원,86.8,61.0
20240206,수원,79.0,66.0
20240207,수원,78.0,60.0
20240208,수원,71.8,44.0
20240209,수원,72.1,44.0
20240210,수원,73.9,27.0
20240211,수원,77.3,48.0
20240212,수원,67.6,27.0
20240213,수원,69.5,55.0
20240214,수원,78.9,61.0
20240215,수원,85.6,60.0
20240216,수원,72.6,43.0
20240217,수원,79.5,45.0
20240218,수원,82.9,48.0
20240219,수원,96.3,90.0
20240220,수원,86.4,78.0
20240221,수원,90.9,78.0
20240222,수원,84.0,71.0
20240223,수원,65.4,49.0
20240224,수원,67.0,48.0
20240225,수원,83.1,55.0
20240226,수원,73.1,35.0
20240227,수원,50.6,38.0
20240228,수원,61.5,46.0
20240229,수원,65.8,34.0
20240301,수원,37.6,24.0
20240302,수원,57.0,44.0
20240303,수원,78.3,58.0
20240304,수원,59.4,27.0
20240305,수원,48.6,35.0
20240306,수원,59.8,42.0
20240307,수원,58.0,38.0
20240308,수원,49.3,25.0
20240309,수원,50.9,26.0
20240310,수원,60.4,20.0
20240311,수원,63.6,30.0
20240312,수원,82.5,58.0
20240313,수원,65.9,26.0
20240314,수원,65.0,24.0
20240315,수원,69.1,29.0
20240316,수원,62.8,21.0
20240317,수원,60.8,36.0
20240318,수원,45.0,25.0
20240319,수원,73.5,60.0
20240320,수원,63.4,39.0
20240321,수원,63.0,35.0
20240322,수원,67.9,41.0
20240323,수원,78.4,35.0
20240324,수원,70.4,21.0
20240325,수원,,38.0
20240326,수원,78.6,54.0
20240327,수원,72.1,42.0
20240328,수원,85.1,74.0
20240329,수원,78.8,64.0
20240330,수원,64.6,24.0
20240331,수원,43.5,13.0
20240401,수원,51.0,12.0
20240402,수원,,22.0
20240403,수원,79.6,61.0
20240404,수원,61.1,45.0
20240405,수원,54.4,44.0
20240406,수원,54.8,25.0
20240407,수원,51.6,21.0
20240408,수원,,27.0
20240409,수원,40.3,21.0
20240410,수원,65.4,36.0
20240411,수원,,36.0
20240412,수원,66.3,28.0
20240413,수원,62.3,26.0
20240414,수원,52.1,23.0
20240415,수원,81.4,44.0
20240416,수원,82.1,53.0
20240417,수원,65.9,37.0
20240418,수원,59.0,25.0
20240419,수원,58.9,33.0
20240420,수원,79.3,61.0
20240421,수원,65.9,55.0
20240422,수원,52.6,37.0
20240423,수원,,76.0
20240424,수원,77.9,61.0
20240425,수원,76.8,42.0
20240426,수원,65.8,28.0
20240427,수원,65.0,36.0
20240428,수원,60.3,19.0
20240429,수원,57.5,37.0
20240430,수원,69.9,48.0
20240501,수원,54.1,29.0
20240502,수원,58.6,31.0
20240503,수원,56.8,25.0
20240504,수원,51.9,27.0
20240505,수원,90.1,43.0
20240506,수원,90.0,85.0
20240507,수원,86.3,73.0
20240508,수원,59.9,35.0
20240509,수원,63.9,33.0
20240510,수원,55.9,23.0
20240511,수원,77.8,55.0
20240512,수원,68.8,39.0
20240513,수원,55.6,26.0
20240514,수원,56.1,30.0
20240515,수원,79.8,49.0
20240516,수원,63.3,23.0
20240517,수원,67.5,42.0
20240518,수원,71.3,44.0
20240519,수원,67.6,19.0
20240520,수원,79.1,59.0
