"		지점번호",지점명,일시,평균습도(%rh),최저습도(%rh)
"		203",이천,2019.1.1,58.4,38
"		203",이천,2019.1.2,49.3,17
"		203",이천,2019.1.3,52.1,17
"		203",이천,2019.1.4,63.3,31
"		203",이천,2019.1.5,48.8,16
"		203",이천,2019.1.6,49.6,19
"		203",이천,2019.1.7,59.9,28
"		203",이천,2019.1.8,44.6,14
"		203",이천,2019.1.9,38.9,21
"		203",이천,2019.1.10,58.4,31
"		203",이천,2019.1.11,65.1,34
"		203",이천,2019.1.12,54.8,31
"		203",이천,2019.1.13,64.3,32
"		203",이천,2019.1.14,85.3,68
"		203",이천,2019.1.15,59.9,30
"		203",이천,2019.1.16,49.4,15
"		203",이천,2019.1.17,55.6,16
"		203",이천,2019.1.18,54.3,18
"		203",이천,2019.1.19,63.5,39
"		203",이천,2019.1.20,39.1,16
"		203",이천,2019.1.21,53.1,35
"		203",이천,2019.1.22,65.5,32
"		203",이천,2019.1.23,51.6,18
"		203",이천,2019.1.24,35.3,13
"		203",이천,2019.1.25,38.5,14
"		203",이천,2019.1.26,29,15
"		203",이천,2019.1.27,57.4,29
"		203",이천,2019.1.28,48.3,19
"		203",이천,2019.1.29,41,18
"		203",이천,2019.1.30,52.1,27
"		203",이천,2019.1.31,40,12
"		203",이천,2019.2.1,53.5,27
"		203",이천,2019.2.2,73.5,44
"		203",이천,2019.2.3,95.6,65
"		203",이천,2019.2.4,40.4,14
"		203",이천,2019.2.5,54.3,22
"		203",이천,2019.2.6,63.8,37
"		203",이천,2019.2.7,45.6,16
"		203",이천,2019.2.8,33.4,17
"		203",이천,2019.2.9,30.5,19
"		203",이천,2019.2.10,41.1,16
"		203",이천,2019.2.11,37,17
"		203",이천,2019.2.12,45.1,19
"		203",이천,2019.2.13,30.6,15
"		203",이천,2019.2.14,46.9,24
"		203",이천,2019.2.15,62.9,43
"		203",이천,2019.2.16,58.6,32
"		203",이천,2019.2.17,46.9,18
"		203",이천,2019.2.18,55.3,31
"		203",이천,2019.2.19,90.9,47
"		203",이천,2019.2.20,73,51
"		203",이천,2019.2.21,79.9,45
"		203",이천,2019.2.22,71.8,33
"		203",이천,2019.2.23,61.9,24
"		203",이천,2019.2.24,55.3,22
"		203",이천,2019.2.25,59.8,26
"		203",이천,2019.2.26,51.4,16
"		203",이천,2019.2.27,45.3,26
"		203",이천,2019.2.28,51.3,22
"		203",이천,2019.3.1,50.5,16
"		203",이천,2019.3.2,50.6,19
"		203",이천,2019.3.3,44.9,9
"		203",이천,2019.3.4,50.1,25
"		203",이천,2019.3.5,62.9,34
"		203",이천,2019.3.6,60.3,30
"		203",이천,2019.3.7,58.5,25
"		203",이천,2019.3.8,49,15
"		203",이천,2019.3.9,42.6,11
"		203",이천,2019.3.10,37.1,13
"		203",이천,2019.3.11,70.4,38
"		203",이천,2019.3.12,58.3,26
"		203",이천,2019.3.13,35.8,15
"		203",이천,2019.3.14,49.6,17
"		203",이천,2019.3.15,79.3,19
"		203",이천,2019.3.16,72,40
"		203",이천,2019.3.17,56.4,22
"		203",이천,2019.3.18,46.9,18
"		203",이천,2019.3.19,51.8,20
"		203",이천,2019.3.20,85,45
"		203",이천,2019.3.21,,47
"		203",이천,2019.3.22,44.9,20
"		203",이천,2019.3.23,47.6,25
"		203",이천,2019.3.24,47.5,24
"		203",이천,2019.3.25,60.6,39
"		203",이천,2019.3.26,49.3,13
"		203",이천,2019.3.27,58.8,28
"		203",이천,2019.3.28,47.5,16
"		203",이천,2019.3.29,36.3,23
"		203",이천,2019.3.30,78.6,36
"		203",이천,2019.3.31,53.9,31
"		203",이천,2019.4.1,38.5,15
"		203",이천,2019.4.2,42.9,13
"		203",이천,2019.4.3,41.6,13
"		203",이천,2019.4.4,38.5,18
"		203",이천,2019.4.5,39.3,14
"		203",이천,2019.4.6,49.9,24
"		203",이천,2019.4.7,39.8,13
"		203",이천,2019.4.8,23.6,8
"		203",이천,2019.4.9,54.8,15
"		203",이천,2019.4.10,75.8,62
"		203",이천,2019.4.11,72.1,36
"		203",이천,2019.4.12,46.6,17
"		203",이천,2019.4.13,39.3,14
"		203",이천,2019.4.14,52.6,27
"		203",이천,2019.4.15,35.6,12
"		203",이천,2019.4.16,34,9
"		203",이천,2019.4.17,39.5,12
"		203",이천,2019.4.18,67.8,44
"		203",이천,2019.4.19,66.1,43
"		203",이천,2019.4.20,62.6,30
"		203",이천,2019.4.21,70.4,49
"		203",이천,2019.4.22,52,17
"		203",이천,2019.4.23,51.3,33
"		203",이천,2019.4.24,75.4,44
"		203",이천,2019.4.25,78.5,53
"		203",이천,2019.4.26,86,67
"		203",이천,2019.4.27,55.3,22
"		203",이천,2019.4.28,60.1,39
"		203",이천,2019.4.29,75.1,47
"		203",이천,2019.4.30,65.1,33
"		203",이천,2019.5.1,51.9,24
"		203",이천,2019.5.2,42.1,13
"		203",이천,2019.5.3,40,13
"		203",이천,2019.5.4,44.9,15
"		203",이천,2019.5.5,40,8
"		203",이천,2019.5.6,33.4,10
"		203",이천,2019.5.7,43.6,12
"		203",이천,2019.5.8,46,24
"		203",이천,2019.5.9,39.4,14
"		203",이천,2019.5.10,43.6,17
"		203",이천,2019.5.11,45.8,17
"		203",이천,2019.5.12,46.1,24
"		203",이천,2019.5.13,52.3,32
"		203",이천,2019.5.14,51.3,22
"		203",이천,2019.5.15,56.5,24
"		203",이천,2019.5.16,50.3,23
"		203",이천,2019.5.17,54.4,30
"		203",이천,2019.5.18,55.8,43
"		203",이천,2019.5.19,84.8,64
"		203",이천,2019.5.20,59.6,32
"		203",이천,2019.5.21,50.5,16
"		203",이천,2019.5.22,46.5,14
"		203",이천,2019.5.23,47.4,19
"		203",이천,2019.5.24,55.1,27
"		203",이천,2019.5.25,49.8,17
"		203",이천,2019.5.26,45.9,16
"		203",이천,2019.5.27,84.9,50
"		203",이천,2019.5.28,46.5,17
"		203",이천,2019.5.29,48.4,18
"		203",이천,2019.5.30,53.1,28
"		203",이천,2019.5.31,49,29
"		203",이천,2019.6.1,63.4,33
"		203",이천,2019.6.2,49.5,22
"		203",이천,2019.6.3,46.8,26
"		203",이천,2019.6.4,52.8,22
"		203",이천,2019.6.5,62.4,27
"		203",이천,2019.6.6,81.8,63
"		203",이천,2019.6.7,83.3,60
"		203",이천,2019.6.8,65.3,32
"		203",이천,2019.6.9,67.8,40
"		203",이천,2019.6.10,71.6,53
"		203",이천,2019.6.11,55.8,33
"		203",이천,2019.6.12,64.6,35
"		203",이천,2019.6.13,56.6,32
"		203",이천,2019.6.14,61.5,35
"		203",이천,2019.6.15,71.1,37
"		203",이천,2019.6.16,67.6,36
"		203",이천,2019.6.17,67,41
"		203",이천,2019.6.18,82.1,59
"		203",이천,2019.6.19,,63
"		203",이천,2019.6.20,69.4,44
"		203",이천,2019.6.21,68.9,45
"		203",이천,2019.6.22,52.9,29
"		203",이천,2019.6.23,54.1,31
"		203",이천,2019.6.24,56.6,34
"		203",이천,2019.6.25,53.4,24
"		203",이천,2019.6.26,70.6,47
"		203",이천,2019.6.27,78.4,57
"		203",이천,2019.6.28,69.3,55
"		203",이천,2019.6.29,80.9,56
"		203",이천,2019.6.30,75.8,53
"		203",이천,2019.7.1,66.4,41
"		203",이천,2019.7.2,66,40
"		203",이천,2019.7.3,70,40
"		203",이천,2019.7.4,58.9,31
"		203",이천,2019.7.5,62.8,23
"		203",이천,2019.7.6,62.5,29
"		203",이천,2019.7.7,55.8,31
"		203",이천,2019.7.8,62,41
"		203",이천,2019.7.9,60.4,36
"		203",이천,2019.7.10,76.1,50
"		203",이천,2019.7.11,83.6,62
"		203",이천,2019.7.12,73.1,50
"		203",이천,2019.7.13,74.8,50
"		203",이천,2019.7.14,78.4,43
"		203",이천,2019.7.15,90.4,68
"		203",이천,2019.7.16,80,49
"		203",이천,2019.7.17,78,54
"		203",이천,2019.7.18,71.4,50
"		203",이천,2019.7.19,81.6,46
"		203",이천,2019.7.20,85,67
"		203",이천,2019.7.21,94.1,81
"		203",이천,2019.7.22,80.5,58
"		203",이천,2019.7.23,76.5,51
"		203",이천,2019.7.24,87.8,77
"		203",이천,2019.7.25,96.5,82
"		203",이천,2019.7.26,99.1,93
"		203",이천,2019.7.27,86.5,60
"		203",이천,2019.7.28,99.6,94
"		203",이천,2019.7.29,84.8,63
"		203",이천,2019.7.30,84.9,68
"		203",이천,2019.7.31,93.9,78
"		203",이천,2019.8.1,87,64
"		203",이천,2019.8.2,78.9,50
"		203",이천,2019.8.3,83.3,50
"		203",이천,2019.8.4,79.5,52
"		203",이천,2019.8.5,77.9,41
"		203",이천,2019.8.6,75.1,44
"		203",이천,2019.8.7,94.3,55
"		203",이천,2019.8.8,87.8,55
"		203",이천,2019.8.9,82.5,51
"		203",이천,2019.8.10,72.4,38
"		203",이천,2019.8.11,64,44
"		203",이천,2019.8.12,95.5,63
"		203",이천,2019.8.13,81.5,51
"		203",이천,2019.8.14,73.8,51
"		203",이천,2019.8.15,93.3,75
"		203",이천,2019.8.16,85.1,63
"		203",이천,2019.8.17,88,65
"		203",이천,2019.8.18,76.6,41
"		203",이천,2019.8.19,79.1,42
"		203",이천,2019.8.20,75.1,45
"		203",이천,2019.8.21,80.3,55
"		203",이천,2019.8.22,73.4,43
"		203",이천,2019.8.23,67,42
"		203",이천,2019.8.24,87,67
"		203",이천,2019.8.25,78.4,45
"		203",이천,2019.8.26,76.6,40
"		203",이천,2019.8.27,84.8,60
"		203",이천,2019.8.28,79.8,48
"		203",이천,2019.8.29,87.6,66
"		203",이천,2019.8.30,76.3,43
"		203",이천,2019.8.31,74.4,49
"		203",이천,2019.9.1,81,49
"		203",이천,2019.9.2,74.8,40
"		203",이천,2019.9.3,85.8,74
"		203",이천,2019.9.4,95.3,80
"		203",이천,2019.9.5,97.1,81
"		203",이천,2019.9.6,92.4,72
"		203",이천,2019.9.7,76.5,59
"		203",이천,2019.9.8,87,66
"		203",이천,2019.9.9,93.8,81
"		203",이천,2019.9.10,92.6,60
"		203",이천,2019.9.11,88.8,69
"		203",이천,2019.9.12,83.4,63
"		203",이천,2019.9.13,75.4,37
"		203",이천,2019.9.14,88.5,64
"		203",이천,2019.9.15,78.9,48
"		203",이천,2019.9.16,66.6,40
"		203",이천,2019.9.17,66.3,35
"		203",이천,2019.9.18,61.5,26
"		203",이천,2019.9.19,68.8,40
"		203",이천,2019.9.20,79.8,56
"		203",이천,2019.9.21,87.4,70
"		203",이천,2019.9.22,92.6,69
"		203",이천,2019.9.23,71.4,49
"		203",이천,2019.9.24,82.5,50
"		203",이천,2019.9.25,85.5,47
"		203",이천,2019.9.26,85.8,51
"		203",이천,2019.9.27,77.4,41
"		203",이천,2019.9.28,82.9,53
"		203",이천,2019.9.29,81.4,36
"		203",이천,2019.9.30,81.6,37
"		203",이천,2019.10.1,87.3,65
"		203",이천,2019.10.2,99.4,96
"		203",이천,2019.10.3,84.1,54
"		203",이천,2019.10.4,87.9,61
"		203",이천,2019.10.5,80.4,65
"		203",이천,2019.10.6,70,46
"		203",이천,2019.10.7,96.8,84
"		203",이천,2019.10.8,69.3,32
"		203",이천,2019.10.9,70.5,33
"		203",이천,2019.10.10,84.1,48
"		203",이천,2019.10.11,74.6,43
"		203",이천,2019.10.12,61.5,40
"		203",이천,2019.10.13,73.5,42
"		203",이천,2019.10.14,76.1,40
"		203",이천,2019.10.15,74,41
"		203",이천,2019.10.16,84.1,43
"		203",이천,2019.10.17,84.5,44
"		203",이천,2019.10.18,81.1,47
"		203",이천,2019.10.19,78.4,39
"		203",이천,2019.10.20,86.5,39
"		203",이천,2019.10.21,81.1,33
"		203",이천,2019.10.22,78,40
"		203",이천,2019.10.23,84.5,56
"		203",이천,2019.10.24,62,32
"		203",이천,2019.10.25,67.5,41
"		203",이천,2019.10.26,68,42
"		203",이천,2019.10.27,81.1,40
"		203",이천,2019.10.28,74.8,40
"		203",이천,2019.10.29,77.6,37
"		203",이천,2019.10.30,78.3,41
"		203",이천,2019.10.31,82.9,54
"		203",이천,2019.11.1,81.4,40
"		203",이천,2019.11.2,87.4,63
"		203",이천,2019.11.3,80.6,47
"		203",이천,2019.11.4,75.8,36
"		203",이천,2019.11.5,80,42
"		203",이천,2019.11.6,78.1,36
"		203",이천,2019.11.7,64.1,21
"		203",이천,2019.11.8,57.5,20
"		203",이천,2019.11.9,64.1,27
"		203",이천,2019.11.10,80.8,44
"		203",이천,2019.11.11,84.5,51
"		203",이천,2019.11.12,92.6,59
"		203",이천,2019.11.13,90,57
"		203",이천,2019.11.14,42.3,22
"		203",이천,2019.11.15,90.6,69
"		203",이천,2019.11.16,92.4,53
"		203",이천,2019.11.17,99.3,80
"		203",이천,2019.11.18,62.5,41
"		203",이천,2019.11.19,54.4,32
"		203",이천,2019.11.20,54.5,19
"		203",이천,2019.11.21,59.9,25
"		203",이천,2019.11.22,60.8,26
"		203",이천,2019.11.23,75.9,51
"		203",이천,2019.11.24,81.3,54
"		203",이천,2019.11.25,71.1,57
"		203",이천,2019.11.26,74.5,39
"		203",이천,2019.11.27,53.4,33
"		203",이천,2019.11.28,65.4,42
"		203",이천,2019.11.29,62,23
"		203",이천,2019.11.30,59.4,25
"		203",이천,2019.12.1,86.3,48
"		203",이천,2019.12.2,53.6,31
"		203",이천,2019.12.3,88.9,55
"		203",이천,2019.12.4,79.1,49
"		203",이천,2019.12.5,39,18
"		203",이천,2019.12.6,47.4,24
"		203",이천,2019.12.7,78.5,56
"		203",이천,2019.12.8,85.6,49
"		203",이천,2019.12.9,81.9,58
"		203",이천,2019.12.10,90.3,71
"		203",이천,2019.12.11,76.6,48
"		203",이천,2019.12.12,50.4,23
"		203",이천,2019.12.13,64.1,42
"		203",이천,2019.12.14,75.8,40
"		203",이천,2019.12.15,80.8,51
"		203",이천,2019.12.16,81.8,51
"		203",이천,2019.12.17,94.9,83
"		203",이천,2019.12.18,80.4,64
"		203",이천,2019.12.19,55.1,27
"		203",이천,2019.12.20,58.8,20
"		203",이천,2019.12.21,81.9,60
"		203",이천,2019.12.22,82.4,56
"		203",이천,2019.12.23,90.1,63
"		203",이천,2019.12.24,100,94
"		203",이천,2019.12.25,92.5,62
"		203",이천,2019.12.26,87,53
"		203",이천,2019.12.27,60.8,27
"		203",이천,2019.12.28,76.1,46
"		203",이천,2019.12.29,88.8,56
"		203",이천,2019.12.30,85.8,53
"		203",이천,2019.12.31,49.5,28
"		203",이천,2020.1.1,76.8,65
"		203",이천,2020.1.2,83.6,73
"		203",이천,2020.1.3,70,34
"		203",이천,2020.1.4,70.3,37
"		203",이천,2020.1.5,73.8,43
"		203",이천,2020.1.6,88.4,68
"		203",이천,2020.1.7,100,100
"		203",이천,2020.1.8,90.8,78
"		203",이천,2020.1.9,69.1,44
"		203",이천,2020.1.10,82.3,58
"		203",이천,2020.1.11,81.8,47
"		203",이천,2020.1.12,71.5,44
"		203",이천,2020.1.13,62.5,37
"		203",이천,2020.1.14,65,35
"		203",이천,2020.1.15,65.3,26
"		203",이천,2020.1.16,67.5,26
"		203",이천,2020.1.17,69.3,33
"		203",이천,2020.1.18,65,25
"		203",이천,2020.1.19,79.4,58
"		203",이천,2020.1.20,58.6,25
"		203",이천,2020.1.21,54,25
"		203",이천,2020.1.22,72,42
"		203",이천,2020.1.23,65,28
"		203",이천,2020.1.24,73.1,38
"		203",이천,2020.1.25,83.1,62
"		203",이천,2020.1.26,73.4,39
"		203",이천,2020.1.27,68.1,47
"		203",이천,2020.1.28,64.6,45
"		203",이천,2020.1.29,64.1,40
"		203",이천,2020.1.30,61.3,40
"		203",이천,2020.1.31,74.8,53
"		203",이천,2020.2.1,83.4,58
"		203",이천,2020.2.2,73.3,40
"		203",이천,2020.2.3,56.5,32
"		203",이천,2020.2.4,70.8,36
"		203",이천,2020.2.5,42.9,25
"		203",이천,2020.2.6,55,26
"		203",이천,2020.2.7,61.8,26
"		203",이천,2020.2.8,53.9,33
"		203",이천,2020.2.9,63.8,25
"		203",이천,2020.2.10,58.8,27
"		203",이천,2020.2.11,56.8,25
"		203",이천,2020.2.12,90.5,55
"		203",이천,2020.2.13,93.6,74
"		203",이천,2020.2.14,96.6,78
"		203",이천,2020.2.15,80.1,52
"		203",이천,2020.2.16,87.6,72
"		203",이천,2020.2.17,68,52
"		203",이천,2020.2.18,58.5,33
"		203",이천,2020.2.19,70.1,44
"		203",이천,2020.2.20,73.4,44
"		203",이천,2020.2.21,81.6,47
"		203",이천,2020.2.22,66.3,35
"		203",이천,2020.2.23,55.3,29
"		203",이천,2020.2.24,63.5,33
"		203",이천,2020.2.25,90.9,58
"		203",이천,2020.2.26,72.3,53
"		203",이천,2020.2.27,61.5,34
"		203",이천,2020.2.28,95.8,76
"		203",이천,2020.2.29,85.4,54
"		203",이천,2020.3.1,88.6,62
"		203",이천,2020.3.2,57.6,35
"		203",이천,2020.3.3,74,44
"		203",이천,2020.3.4,60.9,37
"		203",이천,2020.3.5,55.4,25
"		203",이천,2020.3.6,61.9,26
"		203",이천,2020.3.7,66.1,31
"		203",이천,2020.3.8,62.6,22
"		203",이천,2020.3.9,58.4,27
"		203",이천,2020.3.10,81.5,57
"		203",이천,2020.3.11,50.4,24
"		203",이천,2020.3.12,56.6,21
"		203",이천,2020.3.13,48.1,14
"		203",이천,2020.3.14,51.1,26
"		203",이천,2020.3.15,56.5,21
"		203",이천,2020.3.16,53.3,18
"		203",이천,2020.3.17,73.8,56
"		203",이천,2020.3.18,60.5,20
"		203",이천,2020.3.19,58.4,34
"		203",이천,2020.3.20,49.3,20
"		203",이천,2020.3.21,60.3,34
"		203",이천,2020.3.22,46.9,14
"		203",이천,2020.3.23,44.3,22
"		203",이천,2020.3.24,51,21
"		203",이천,2020.3.25,48,23
"		203",이천,2020.3.26,67.5,35
"		203",이천,2020.3.27,77.3,44
"		203",이천,2020.3.28,29.1,13
"		203",이천,2020.3.29,50.8,24
"		203",이천,2020.3.30,45,19
"		203",이천,2020.3.31,43.6,15
"		203",이천,2020.4.1,45.9,23
"		203",이천,2020.4.2,53.1,22
"		203",이천,2020.4.3,54.6,15
"		203",이천,2020.4.4,39.8,13
"		203",이천,2020.4.5,33.8,13
"		203",이천,2020.4.6,50.5,18
"		203",이천,2020.4.7,56.3,37
"		203",이천,2020.4.8,38.6,10
"		203",이천,2020.4.9,53.5,23
"		203",이천,2020.4.10,57.3,30
"		203",이천,2020.4.11,62.8,34
"		203",이천,2020.4.12,65,40
"		203",이천,2020.4.13,41.4,12
"		203",이천,2020.4.14,44.1,14
"		203",이천,2020.4.15,42.3,18
"		203",이천,2020.4.16,44.4,21
"		203",이천,2020.4.17,86,46
"		203",이천,2020.4.18,69.5,38
"		203",이천,2020.4.19,85,49
"		203",이천,2020.4.20,83.8,62
"		203",이천,2020.4.21,55.8,26
"		203",이천,2020.4.22,46.8,29
"		203",이천,2020.4.23,48.1,23
"		203",이천,2020.4.24,53.9,22
"		203",이천,2020.4.25,61.6,34
"		203",이천,2020.4.26,47.1,18
"		203",이천,2020.4.27,60,29
"		203",이천,2020.4.28,53.9,20
"		203",이천,2020.4.29,55.9,26
"		203",이천,2020.4.30,63,35
"		203",이천,2020.5.1,75,41
"		203",이천,2020.5.2,81.1,53
"		203",이천,2020.5.3,80.6,60
"		203",이천,2020.5.4,67.3,43
"		203",이천,2020.5.5,84.5,59
"		203",이천,2020.5.6,68.4,26
"		203",이천,2020.5.7,38.5,19
"		203",이천,2020.5.8,39.5,17
"		203",이천,2020.5.9,100,93
"		203",이천,2020.5.10,94.3,81
"		203",이천,2020.5.11,62.5,27
"		203",이천,2020.5.12,74,45
"		203",이천,2020.5.13,52.4,21
"		203",이천,2020.5.14,52.5,21
"		203",이천,2020.5.15,93.3,58
"		203",이천,2020.5.16,93.6,72
"		203",이천,2020.5.17,81,57
"		203",이천,2020.5.18,84.8,49
"		203",이천,2020.5.19,85.5,58
"		203",이천,2020.5.20,75.8,50
"		203",이천,2020.5.21,69.1,40
"		203",이천,2020.5.22,79,52
"		203",이천,2020.5.23,72,41
"		203",이천,2020.5.24,83.5,64
"		203",이천,2020.5.25,89.1,71
"		203",이천,2020.5.26,80,41
"		203",이천,2020.5.27,65.5,26
"		203",이천,2020.5.28,69.4,39
"		203",이천,2020.5.29,68.4,31
"		203",이천,2020.5.30,62.6,28
"		203",이천,2020.5.31,66.6,35
"		203",이천,2020.6.1,62.6,30
"		203",이천,2020.6.2,71.9,33
"		203",이천,2020.6.3,78.5,49
"		203",이천,2020.6.4,78,44
"		203",이천,2020.6.5,72.4,44
"		203",이천,2020.6.6,66.4,36
"		203",이천,2020.6.7,69.6,51
"		203",이천,2020.6.8,69,46
"		203",이천,2020.6.9,61.3,35
"		203",이천,2020.6.10,68.6,40
"		203",이천,2020.6.11,72.6,40
"		203",이천,2020.6.12,87.4,63
"		203",이천,2020.6.13,77,41
"		203",이천,2020.6.14,79.6,44
"		203",이천,2020.6.15,67.1,35
"		203",이천,2020.6.16,68.5,42
"		203",이천,2020.6.17,72.1,47
"		203",이천,2020.6.18,78.3,59
"		203",이천,2020.6.19,67.5,45
"		203",이천,2020.6.20,72.8,47
"		203",이천,2020.6.21,65.4,40
"		203",이천,2020.6.22,62.3,30
"		203",이천,2020.6.23,65.4,46
"		203",이천,2020.6.24,91.6,62
"		203",이천,2020.6.25,95.5,85
"		203",이천,2020.6.26,86.8,62
"		203",이천,2020.6.27,78.4,57
"		203",이천,2020.6.28,74.5,42
"		203",이천,2020.6.29,86.5,67
"		203",이천,2020.6.30,88,64
"		203",이천,2020.7.1,91.5,74
"		203",이천,2020.7.2,78.1,47
"		203",이천,2020.7.3,75.8,46
"		203",이천,2020.7.4,76.8,46
"		203",이천,2020.7.5,77.9,55
"		203",이천,2020.7.6,76.8,49
"		203",이천,2020.7.7,80.1,61
"		203",이천,2020.7.8,79.1,52
"		203",이천,2020.7.9,72.6,46
"		203",이천,2020.7.10,82.5,64
"		203",이천,2020.7.11,73.6,53
"		203",이천,2020.7.12,83.3,69
"		203",이천,2020.7.13,100,99
"		203",이천,2020.7.14,86,71
"		203",이천,2020.7.15,83.3,54
"		203",이천,2020.7.16,78.6,52
"		203",이천,2020.7.17,86.1,52
"		203",이천,2020.7.18,76.9,52
"		203",이천,2020.7.19,91.9,77
"		203",이천,2020.7.20,92.5,84
"		203",이천,2020.7.21,80.9,49
"		203",이천,2020.7.22,98.8,91
"		203",이천,2020.7.23,99.9,98
"		203",이천,2020.7.24,89.3,71
"		203",이천,2020.7.25,82.1,62
"		203",이천,2020.7.26,82.8,61
"		203",이천,2020.7.27,92.9,82
"		203",이천,2020.7.28,96.1,84
"		203",이천,2020.7.29,98.1,88
"		203",이천,2020.7.30,93.4,69
"		203",이천,2020.7.31,91.5,73
"		203",이천,2020.8.1,95.3,70
"		203",이천,2020.8.2,99.8,85
"		203",이천,2020.8.3,98.9,88
"		203",이천,2020.8.4,93.4,74
"		203",이천,2020.8.5,98.1,86
"		203",이천,2020.8.6,94.4,78
"		203",이천,2020.8.7,97.6,88
"		203",이천,2020.8.8,99.6,93
"		203",이천,2020.8.9,99.5,93
"		203",이천,2020.8.10,96.5,82
"		203",이천,2020.8.11,97.9,83
"		203",이천,2020.8.12,94.4,76
"		203",이천,2020.8.13,88.1,69
"		203",이천,2020.8.14,88.9,73
"		203",이천,2020.8.15,99,87
"		203",이천,2020.8.16,87.4,63
"		203",이천,2020.8.17,85,59
"		203",이천,2020.8.18,84.8,58
"		203",이천,2020.8.19,83.6,56
"		203",이천,2020.8.20,84.3,55
"		203",이천,2020.8.21,87,61
"		203",이천,2020.8.22,94.1,78
"		203",이천,2020.8.23,86.8,54
"		203",이천,2020.8.24,83.1,56
"		203",이천,2020.8.25,79,48
"		203",이천,2020.8.26,79.1,54
"		203",이천,2020.8.27,86,63
"		203",이천,2020.8.28,90,62
"		203",이천,2020.8.29,96.9,77
"		203",이천,2020.8.30,93,67
"		203",이천,2020.8.31,84.4,68
"		203",이천,2020.9.1,85.9,63
"		203",이천,2020.9.2,99.8,91
"		203",이천,2020.9.3,84.3,55
"		203",이천,2020.9.4,79,45
"		203",이천,2020.9.5,88.8,66
"		203",이천,2020.9.6,92.9,63
"		203",이천,2020.9.7,94.4,83
"		203",이천,2020.9.8,77.4,49
"		203",이천,2020.9.9,90.9,63
"		203",이천,2020.9.10,91,57
"		203",이천,2020.9.11,84.4,58
"		203",이천,2020.9.12,94.4,84
"		203",이천,2020.9.13,77.5,52
"		203",이천,2020.9.14,87.6,57
"		203",이천,2020.9.15,84.4,52
"		203",이천,2020.9.16,95.1,69
"		203",이천,2020.9.17,87.3,60
"		203",이천,2020.9.18,72.5,33
"		203",이천,2020.9.19,79,34
"		203",이천,2020.9.20,72.8,33
"		203",이천,2020.9.21,77.1,40
"		203",이천,2020.9.22,73,45
"		203",이천,2020.9.23,72,57
"		203",이천,2020.9.24,68.9,50
"		203",이천,2020.9.25,73.6,50
"		203",이천,2020.9.26,72.1,42
"		203",이천,2020.9.27,78.1,45
"		203",이천,2020.9.28,78,39
"		203",이천,2020.9.29,80.3,41
"		203",이천,2020.9.30,81.8,45
"		203",이천,2020.10.1,78.3,52
"		203",이천,2020.10.2,77.8,49
"		203",이천,2020.10.3,87.9,58
"		203",이천,2020.10.4,72.4,42
"		203",이천,2020.10.5,61.4,37
"		203",이천,2020.10.6,68.8,30
"		203",이천,2020.10.7,72,38
"		203",이천,2020.10.8,66.1,33
"		203",이천,2020.10.9,67.5,39
"		203",이천,2020.10.10,75,46
"		203",이천,2020.10.11,82.4,53
"		203",이천,2020.10.12,80,49
"		203",이천,2020.10.13,70.6,31
"		203",이천,2020.10.14,63.9,27
"		203",이천,2020.10.15,63.8,26
"		203",이천,2020.10.16,81.6,51
"		203",이천,2020.10.17,76.6,34
"		203",이천,2020.10.18,78.3,37
"		203",이천,2020.10.19,81.6,38
"		203",이천,2020.10.20,77,29
"		203",이천,2020.10.21,88.6,69
"		203",이천,2020.10.22,72.8,37
"		203",이천,2020.10.23,55.1,28
"		203",이천,2020.10.24,53.5,25
"		203",이천,2020.10.25,73.1,35
"		203",이천,2020.10.26,79.1,42
"		203",이천,2020.10.27,81.5,46
"		203",이천,2020.10.28,56,16
"		203",이천,2020.10.29,57.3,25
"		203",이천,2020.10.30,62.4,21
"		203",이천,2020.10.31,70.4,39
"		203",이천,2020.11.1,96,76
"		203",이천,2020.11.2,62.5,19
"		203",이천,2020.11.3,54,28
"		203",이천,2020.11.4,45.6,14
"		203",이천,2020.11.5,63.6,35
"		203",이천,2020.11.6,67.4,42
"		203",이천,2020.11.7,68,22
"		203",이천,2020.11.8,45,13
"		203",이천,2020.11.9,47,18
"		203",이천,2020.11.10,61.3,24
"		203",이천,2020.11.11,66.1,31
"		203",이천,2020.11.12,65.9,31
"		203",이천,2020.11.13,77.9,49
"		203",이천,2020.11.14,78.1,44
"		203",이천,2020.11.15,82.4,48
"		203",이천,2020.11.16,84.6,48
"		203",이천,2020.11.17,81.1,54
"		203",이천,2020.11.18,98.8,88
"		203",이천,2020.11.19,88.9,78
"		203",이천,2020.11.20,74.4,65
"		203",이천,2020.11.21,75.5,49
"		203",이천,2020.11.22,81.8,60
"		203",이천,2020.11.23,63.4,36
"		203",이천,2020.11.24,65.1,34
"		203",이천,2020.11.25,73.3,41
"		203",이천,2020.11.26,73.8,28
"		203",이천,2020.11.27,68.8,39
"		203",이천,2020.11.28,53.8,23
"		203",이천,2020.11.29,70,45
"		203",이천,2020.11.30,61.3,28
"		203",이천,2020.12.1,54.1,20
"		203",이천,2020.12.2,50,29
"		203",이천,2020.12.3,44.3,26
"		203",이천,2020.12.4,58.8,20
"		203",이천,2020.12.5,76.8,53
"		203",이천,2020.12.6,76.9,45
"		203",이천,2020.12.7,64.3,36
"		203",이천,2020.12.8,54.3,22
"		203",이천,2020.12.9,63.5,27
"		203",이천,2020.12.10,69.3,51
"		203",이천,2020.12.11,76.4,51
"		203",이천,2020.12.12,49.4,27
"		203",이천,2020.12.13,81,61
"		203",이천,2020.12.14,47.4,29
"		203",이천,2020.12.15,39.8,22
"		203",이천,2020.12.16,41.6,22
"		203",이천,2020.12.17,61,34
"		203",이천,2020.12.18,61,31
"		203",이천,2020.12.19,38.8,17
"		203",이천,2020.12.20,60.1,24
"		203",이천,2020.12.21,72.9,41
"		203",이천,2020.12.22,82,55
"		203",이천,2020.12.23,85.8,65
"		203",이천,2020.12.24,66.3,34
"		203",이천,2020.12.25,53.6,28
"		203",이천,2020.12.26,77.5,44
"		203",이천,2020.12.27,81.6,59
"		203",이천,2020.12.28,74.5,36
"		203",이천,2020.12.29,80,36
"		203",이천,2020.12.30,48.3,30
"		203",이천,2020.12.31,62.3,38
"		203",이천,2021.1.1,80.4,52
"		203",이천,2021.1.2,42.8,22
"		203",이천,2021.1.3,49.5,26
"		203",이천,2021.1.4,62.6,35
"		203",이천,2021.1.5,47.3,17
"		203",이천,2021.1.6,58.5,18
"		203",이천,2021.1.7,49,32
"		203",이천,2021.1.8,48.3,34
"		203",이천,2021.1.9,51.4,34
"		203",이천,2021.1.10,65,41
"		203",이천,2021.1.11,78.3,60
"		203",이천,2021.1.12,87.3,62
"		203",이천,2021.1.13,87.1,57
"		203",이천,2021.1.14,55.4,30
"		203",이천,2021.1.15,77,58
"		203",이천,2021.1.16,62.6,42
"		203",이천,2021.1.17,57,27
"		203",이천,2021.1.18,72,34
"		203",이천,2021.1.19,54.6,30
"		203",이천,2021.1.20,60.8,30
"		203",이천,2021.1.21,75.9,44
"		203",이천,2021.1.22,98.8,91
"		203",이천,2021.1.23,72.4,51
"		203",이천,2021.1.24,72.4,43
"		203",이천,2021.1.25,74,35
"		203",이천,2021.1.26,91.1,78
"		203",이천,2021.1.27,54.1,20
"		203",이천,2021.1.28,59.6,24
"		203",이천,2021.1.29,37,22
"		203",이천,2021.1.30,60.9,32
"		203",이천,2021.1.31,69.1,33
"		203",이천,2021.2.1,85.1,40
"		203",이천,2021.2.2,42.1,22
"		203",이천,2021.2.3,59.8,38
"		203",이천,2021.2.4,50.9,26
"		203",이천,2021.2.5,69.6,54
"		203",이천,2021.2.6,77,59
"		203",이천,2021.2.7,66.4,33
"		203",이천,2021.2.8,41.3,23
"		203",이천,2021.2.9,49.6,28
"		203",이천,2021.2.10,73.3,54
"		203",이천,2021.2.11,75.3,38
"		203",이천,2021.2.12,64.4,27
"		203",이천,2021.2.13,58.4,20
"		203",이천,2021.2.14,57.4,35
"		203",이천,2021.2.15,61.1,31
"		203",이천,2021.2.16,58.9,36
"		203",이천,2021.2.17,42.9,29
"		203",이천,2021.2.18,47.1,31
"		203",이천,2021.2.19,72.8,47
"		203",이천,2021.2.20,63.5,22
"		203",이천,2021.2.21,59.8,37
"		203",이천,2021.2.22,58.1,24
"		203",이천,2021.2.23,33.4,14
"		203",이천,2021.2.24,40.3,11
"		203",이천,2021.2.25,54.1,38
"		203",이천,2021.2.26,47.4,18
"		203",이천,2021.2.27,55.4,34
"		203",이천,2021.2.28,59.4,36
"		203",이천,2021.3.1,99.1,53
"		203",이천,2021.3.2,81.4,52
"		203",이천,2021.3.3,76.9,43
"		203",이천,2021.3.4,78.5,54
"		203",이천,2021.3.5,72.8,30
"		203",이천,2021.3.6,71.6,48
"		203",이천,2021.3.7,69,49
"		203",이천,2021.3.8,68,25
"		203",이천,2021.3.9,62.3,28
"		203",이천,2021.3.10,61,28
"		203",이천,2021.3.11,55.6,16
"		203",이천,2021.3.12,70.5,48
"		203",이천,2021.3.13,65.5,36
"		203",이천,2021.3.14,69.9,45
"		203",이천,2021.3.15,70,31
"		203",이천,2021.3.16,53.6,19
"		203",이천,2021.3.17,56.8,19
"		203",이천,2021.3.18,58.5,36
"		203",이천,2021.3.19,48.5,33
"		203",이천,2021.3.20,83.6,51
"		203",이천,2021.3.21,68.5,47
"		203",이천,2021.3.22,52,25
"		203",이천,2021.3.23,61,22
"		203",이천,2021.3.24,60.3,17
"		203",이천,2021.3.25,63.8,29
"		203",이천,2021.3.26,53.4,13
"		203",이천,2021.3.27,78.1,41
"		203",이천,2021.3.28,96.6,85
"		203",이천,2021.3.29,57.4,25
"		203",이천,2021.3.30,46.4,16
"		203",이천,2021.3.31,46.4,13
"		203",이천,2021.4.1,40.9,18
"		203",이천,2021.4.2,45.5,24
"		203",이천,2021.4.3,88.4,59
"		203",이천,2021.4.4,73.1,48
"		203",이천,2021.4.5,52.3,17
"		203",이천,2021.4.6,53.5,21
"		203",이천,2021.4.7,49.8,19
"		203",이천,2021.4.8,44.6,17
"		203",이천,2021.4.9,49.5,25
"		203",이천,2021.4.10,53.5,31
"		203",이천,2021.4.11,50.8,24
"		203",이천,2021.4.12,80.6,35
"		203",이천,2021.4.13,78.3,53
"		203",이천,2021.4.14,54.9,23
"		203",이천,2021.4.15,59.6,18
"		203",이천,2021.4.16,72.6,51
"		203",이천,2021.4.17,63.8,27
"		203",이천,2021.4.18,60.3,35
"		203",이천,2021.4.19,60.5,28
"		203",이천,2021.4.20,56.3,29
"		203",이천,2021.4.21,45.1,18
"		203",이천,2021.4.22,41.8,15
"		203",이천,2021.4.23,39.5,21
"		203",이천,2021.4.24,43.8,19
"		203",이천,2021.4.25,57.3,29
"		203",이천,2021.4.26,43.5,20
"		203",이천,2021.4.27,64.4,40
"		203",이천,2021.4.28,61,25
"		203",이천,2021.4.29,64.9,34
"		203",이천,2021.4.30,86.1,65
"		203",이천,2021.5.1,79.5,46
"		203",이천,2021.5.2,66.8,36
"		203",이천,2021.5.3,61.8,22
"		203",이천,2021.5.4,89.1,65
"		203",이천,2021.5.5,59.8,24
"		203",이천,2021.5.6,61.1,30
"		203",이천,2021.5.7,70.1,41
"		203",이천,2021.5.8,67,36
"		203",이천,2021.5.9,49.5,21
"		203",이천,2021.5.10,93.8,56
"		203",이천,2021.5.11,58,31
"		203",이천,2021.5.12,53.3,26
"		203",이천,2021.5.13,62,35
"		203",이천,2021.5.14,68.8,42
"		203",이천,2021.5.15,93.5,74
"		203",이천,2021.5.16,100,100
"		203",이천,2021.5.17,100,99
"		203",이천,2021.5.18,81.9,57
"		203",이천,2021.5.19,64,27
"		203",이천,2021.5.20,77.6,46
"		203",이천,2021.5.21,94.8,72
"		203",이천,2021.5.22,72.4,49
"		203",이천,2021.5.23,70.3,47
"		203",이천,2021.5.24,56.8,23
"		203",이천,2021.5.25,75.3,46
"		203",이천,2021.5.26,75.5,35
"		203",이천,2021.5.27,89.5,79
"		203",이천,2021.5.28,91.3,73
"		203",이천,2021.5.29,77.5,49
"		203",이천,2021.5.30,81.5,39
"		203",이천,2021.5.31,84.1,58
"		203",이천,2021.6.1,78.8,49
"		203",이천,2021.6.2,68.9,38
"		203",이천,2021.6.3,91.3,59
"		203",이천,2021.6.4,71.8,39
"		203",이천,2021.6.5,76.9,43
"		203",이천,2021.6.6,78.5,52
"		203",이천,2021.6.7,80.8,41
"		203",이천,2021.6.8,70.4,33
"		203",이천,2021.6.9,68,39
"		203",이천,2021.6.10,74.4,42
"		203",이천,2021.6.11,87.1,64
"		203",이천,2021.6.12,79.3,42
"		203",이천,2021.6.13,75.6,41
"		203",이천,2021.6.14,75.6,53
"		203",이천,2021.6.15,81.6,62
"		203",이천,2021.6.16,66.6,46
"		203",이천,2021.6.17,78.9,62
"		203",이천,2021.6.18,91,73
"		203",이천,2021.6.19,74.8,45
"		203",이천,2021.6.20,74.1,39
"		203",이천,2021.6.21,69.1,41
"		203",이천,2021.6.22,72.1,43
"		203",이천,2021.6.23,82,61
"		203",이천,2021.6.24,75.6,45
"		203",이천,2021.6.25,72,46
"		203",이천,2021.6.26,89.9,68
"		203",이천,2021.6.27,76.5,49
"		203",이천,2021.6.28,79,53
"		203",이천,2021.6.29,83.4,51
"		203",이천,2021.6.30,86.6,60
"		203",이천,2021.7.1,76.8,47
"		203",이천,2021.7.2,76.3,46
"		203",이천,2021.7.3,87,63
"		203",이천,2021.7.4,96.5,84
"		203",이천,2021.7.5,86.6,66
"		203",이천,2021.7.6,86.8,60
"		203",이천,2021.7.7,90.5,73
"		203",이천,2021.7.8,82.6,58
"		203",이천,2021.7.9,86,62
"		203",이천,2021.7.10,84.8,60
"		203",이천,2021.7.11,95.3,75
"		203",이천,2021.7.12,88,59
"		203",이천,2021.7.13,82.6,54
"		203",이천,2021.7.14,80.6,56
"		203",이천,2021.7.15,85.3,55
"		203",이천,2021.7.16,83.6,50
"		203",이천,2021.7.17,79,53
"		203",이천,2021.7.18,76.8,52
"		203",이천,2021.7.19,85.9,54
"		203",이천,2021.7.20,83.9,59
"		203",이천,2021.7.21,76,45
"		203",이천,2021.7.22,71.8,41
"		203",이천,2021.7.23,72.1,41
"		203",이천,2021.7.24,70.3,34
"		203",이천,2021.7.25,69.9,48
"		203",이천,2021.7.26,70.4,45
"		203",이천,2021.7.27,73.9,45
"		203",이천,2021.7.28,75.4,42
"		203",이천,2021.7.29,76.9,52
"		203",이천,2021.7.30,69.8,42
"		203",이천,2021.7.31,74.6,48
"		203",이천,2021.8.1,83.3,56
"		203",이천,2021.8.2,93.4,72
"		203",이천,2021.8.3,86.6,62
"		203",이천,2021.8.4,75.3,49
"		203",이천,2021.8.5,74,50
"		203",이천,2021.8.6,79.6,49
"		203",이천,2021.8.7,76.1,45
"		203",이천,2021.8.8,89.1,63
"		203",이천,2021.8.9,71,46
"		203",이천,2021.8.10,86,62
"		203",이천,2021.8.11,80,51
"		203",이천,2021.8.12,84.1,55
"		203",이천,2021.8.13,83.9,67
"		203",이천,2021.8.14,72.6,56
"		203",이천,2021.8.15,70.9,47
"		203",이천,2021.8.16,71.1,49
"		203",이천,2021.8.17,69.9,47
"		203",이천,2021.8.18,82,56
"		203",이천,2021.8.19,72.1,51
"		203",이천,2021.8.20,73.6,53
"		203",이천,2021.8.21,88.3,72
"		203",이천,2021.8.22,81,56
"		203",이천,2021.8.23,98.9,93
"		203",이천,2021.8.24,93.8,80
"		203",이천,2021.8.25,95.4,87
"		203",이천,2021.8.26,88.5,71
"		203",이천,2021.8.27,96.6,73
"		203",이천,2021.8.28,87.3,68
"		203",이천,2021.8.29,87.4,57
"		203",이천,2021.8.30,90,66
"		203",이천,2021.8.31,98.4,91
"		203",이천,2021.9.1,97,88
"		203",이천,2021.9.2,80.5,61
"		203",이천,2021.9.3,73.5,45
"		203",이천,2021.9.4,71.1,48
"		203",이천,2021.9.5,75.5,48
"		203",이천,2021.9.6,80,55
"		203",이천,2021.9.7,99.6,96
"		203",이천,2021.9.8,84.1,55
"		203",이천,2021.9.9,88.8,44
"		203",이천,2021.9.10,84.4,56
"		203",이천,2021.9.11,83.5,53
"		203",이천,2021.9.12,81.4,44
"		203",이천,2021.9.13,80.1,53
"		203",이천,2021.9.14,79.5,51
"		203",이천,2021.9.15,70.3,46
"		203",이천,2021.9.16,72.9,47
"		203",이천,2021.9.17,81.4,53
"		203",이천,2021.9.18,77.9,49
"		203",이천,2021.9.19,79.5,49
"		203",이천,2021.9.20,73.6,46
"		203",이천,2021.9.21,89.9,73
"		203",이천,2021.9.22,82,50
"		203",이천,2021.9.23,73.9,51
"		203",이천,2021.9.24,81.5,48
"		203",이천,2021.9.25,88,69
"		203",이천,2021.9.26,76.3,52
"		203",이천,2021.9.27,83.6,55
"		203",이천,2021.9.28,84.9,56
"		203",이천,2021.9.29,98.9,93
"		203",이천,2021.9.30,85.9,47
"		203",이천,2021.10.1,83.9,48
"		203",이천,2021.10.2,85.6,55
"		203",이천,2021.10.3,85.3,51
"		203",이천,2021.10.4,85.6,67
"		203",이천,2021.10.5,76.8,55
"		203",이천,2021.10.6,95.3,84
"		203",이천,2021.10.7,97.1,86
"		203",이천,2021.10.8,98.8,87
"		203",이천,2021.10.9,90.6,65
"		203",이천,2021.10.10,91.4,66
"		203",이천,2021.10.11,79,55
"		203",이천,2021.10.12,82.4,64
"		203",이천,2021.10.13,79.8,55
"		203",이천,2021.10.14,81,54
"		203",이천,2021.10.15,90,71
"		203",이천,2021.10.16,57.3,35
"		203",이천,2021.10.17,47.3,23
"		203",이천,2021.10.18,72.6,41
"		203",이천,2021.10.19,82.8,38
"		203",이천,2021.10.20,82,42
"		203",이천,2021.10.21,82.1,40
"		203",이천,2021.10.22,80.1,39
"		203",이천,2021.10.23,78.8,31
"		203",이천,2021.10.24,83.3,45
"		203",이천,2021.10.25,80,38
"		203",이천,2021.10.26,85.9,50
"		203",이천,2021.10.27,70.9,30
"		203",이천,2021.10.28,74.1,28
"		203",이천,2021.10.29,72.9,34
"		203",이천,2021.10.30,82.8,53
"		203",이천,2021.10.31,81.8,49
"		203",이천,2021.11.1,83.3,42
"		203",이천,2021.11.2,85.5,45
"		203",이천,2021.11.3,77,34
"		203",이천,2021.11.4,85,55
"		203",이천,2021.11.5,82.9,33
"		203",이천,2021.11.6,72.8,34
"		203",이천,2021.11.7,68.6,42
"		203",이천,2021.11.8,90.6,69
"		203",이천,2021.11.9,93.6,79
"		203",이천,2021.11.10,76,57
"		203",이천,2021.11.11,63.3,42
"		203",이천,2021.11.12,60.3,35
"		203",이천,2021.11.13,79.6,50
"		203",이천,2021.11.14,76.9,32
"		203",이천,2021.11.15,81.8,48
"		203",이천,2021.11.16,73.6,28
"		203",이천,2021.11.17,68.8,34
"		203",이천,2021.11.18,74.6,58
"		203",이천,2021.11.19,86.8,65
"		203",이천,2021.11.20,91.1,64
"		203",이천,2021.11.21,89.3,64
"		203",이천,2021.11.22,60.8,40
"		203",이천,2021.11.23,61.6,46
"		203",이천,2021.11.24,80.5,53
"		203",이천,2021.11.25,69.9,35
"		203",이천,2021.11.26,59.1,31
"		203",이천,2021.11.27,68.5,29
"		203",이천,2021.11.28,69.6,36
"		203",이천,2021.11.29,76.8,47
"		203",이천,2021.11.30,85.8,58
"		203",이천,2021.12.1,49.6,32
"		203",이천,2021.12.2,70.9,45
"		203",이천,2021.12.3,56.3,22
"		203",이천,2021.12.4,55.9,37
"		203",이천,2021.12.5,69.9,37
"		203",이천,2021.12.6,72.9,34
"		203",이천,2021.12.7,78.9,47
"		203",이천,2021.12.8,82.8,50
"		203",이천,2021.12.9,85.8,62
"		203",이천,2021.12.10,92.8,79
"		203",이천,2021.12.11,91.5,74
"		203",이천,2021.12.12,60.6,26
"		203",이천,2021.12.13,45.4,21
"		203",이천,2021.12.14,70.9,49
"		203",이천,2021.12.15,96.4,82
"		203",이천,2021.12.16,100,100
"		203",이천,2021.12.17,45.9,29
"		203",이천,2021.12.18,66.4,34
"		203",이천,2021.12.19,68.4,40
"		203",이천,2021.12.20,77.8,59
"		203",이천,2021.12.21,67.5,29
"		203",이천,2021.12.22,56.4,25
"		203",이천,2021.12.23,71.9,43
"		203",이천,2021.12.24,76.1,58
"		203",이천,2021.12.25,39.9,22
"		203",이천,2021.12.26,40.8,23
"		203",이천,2021.12.27,68.6,37
"		203",이천,2021.12.28,87.6,77
"		203",이천,2021.12.29,78.6,46
"		203",이천,2021.12.30,50,29
"		203",이천,2021.12.31,32,21
"		203",이천,2022.1.1,54.4,31
"		203",이천,2022.1.2,65.4,35
"		203",이천,2022.1.3,66.8,36
"		203",이천,2022.1.4,52.9,25
"		203",이천,2022.1.5,61.8,40
"		203",이천,2022.1.6,56.4,22
"		203",이천,2022.1.7,61.1,30
"		203",이천,2022.1.8,68,45
"		203",이천,2022.1.9,78.3,55
"		203",이천,2022.1.10,80.8,51
"		203",이천,2022.1.11,53.8,31
"		203",이천,2022.1.12,51.6,29
"		203",이천,2022.1.13,47.9,25
"		203",이천,2022.1.14,45,20
"		203",이천,2022.1.15,58.4,37
"		203",이천,2022.1.16,55.3,32
"		203",이천,2022.1.17,61,32
"		203",이천,2022.1.18,51,23
"		203",이천,2022.1.19,81.5,56
"		203",이천,2022.1.20,68.8,31
"		203",이천,2022.1.21,65.6,32
"		203",이천,2022.1.22,64.5,42
"		203",이천,2022.1.23,62.6,36
"		203",이천,2022.1.24,58.8,39
"		203",이천,2022.1.25,92.3,59
"		203",이천,2022.1.26,68,38
"		203",이천,2022.1.27,59.1,23
"		203",이천,2022.1.28,52,28
"		203",이천,2022.1.29,46.4,23
"		203",이천,2022.1.30,54.3,22
"		203",이천,2022.1.31,66.1,28
"		203",이천,2022.2.1,77.1,59
"		203",이천,2022.2.2,55.4,27
"		203",이천,2022.2.3,54.1,24
"		203",이천,2022.2.4,51.3,25
"		203",이천,2022.2.5,47.3,27
"		203",이천,2022.2.6,52.1,27
"		203",이천,2022.2.7,47.4,27
"		203",이천,2022.2.8,50.4,19
"		203",이천,2022.2.9,50,19
"		203",이천,2022.2.10,51.8,23
"		203",이천,2022.2.11,61,27
"		203",이천,2022.2.12,53.1,21
"		203",이천,2022.2.13,53.4,31
"		203",이천,2022.2.14,70.9,35
"		203",이천,2022.2.15,56.8,41
"		203",이천,2022.2.16,48,26
"		203",이천,2022.2.17,43.6,24
"		203",이천,2022.2.18,44.6,17
"		203",이천,2022.2.19,49.4,36
"		203",이천,2022.2.20,41.5,19
"		203",이천,2022.2.21,51.9,28
"		203",이천,2022.2.22,41.5,25
"		203",이천,2022.2.23,36,15
"		203",이천,2022.2.24,48.8,25
"		203",이천,2022.2.25,71.3,39
"		203",이천,2022.2.26,73.5,46
"		203",이천,2022.2.27,52.5,26
"		203",이천,2022.2.28,63.3,33
"		203",이천,2022.3.1,86.6,65
"		203",이천,2022.3.2,60.5,26
"		203",이천,2022.3.3,55.3,19
"		203",이천,2022.3.4,59.6,28
"		203",이천,2022.3.5,37.5,17
"		203",이천,2022.3.6,36.1,14
"		203",이천,2022.3.7,50.1,23
"		203",이천,2022.3.8,61.5,33
"		203",이천,2022.3.9,66,28
"		203",이천,2022.3.10,51.4,16
"		203",이천,2022.3.11,60,39
"		203",이천,2022.3.12,75.3,47
"		203",이천,2022.3.13,96.9,73
"		203",이천,2022.3.14,89.1,79
"		203",이천,2022.3.15,76.9,51
"		203",이천,2022.3.16,66.1,32
"		203",이천,2022.3.17,67.3,48
"		203",이천,2022.3.18,72.3,53
"		203",이천,2022.3.19,96.4,67
"		203",이천,2022.3.20,77.1,48
"		203",이천,2022.3.21,61.5,27
"		203",이천,2022.3.22,51.8,23
"		203",이천,2022.3.23,64.1,37
"		203",이천,2022.3.24,73.1,54
"		203",이천,2022.3.25,76,39
"		203",이천,2022.3.26,88.3,75
"		203",이천,2022.3.27,53.8,21
"		203",이천,2022.3.28,40.6,13
"		203",이천,2022.3.29,59,31
"		203",이천,2022.3.30,83,54
"		203",이천,2022.3.31,85.6,53
"		203",이천,2022.4.1,62.3,29
"		203",이천,2022.4.2,49.9,20
"		203",이천,2022.4.3,56.6,21
"		203",이천,2022.4.4,49.6,19
"		203",이천,2022.4.5,46.6,21
"		203",이천,2022.4.6,46.6,27
"		203",이천,2022.4.7,42,25
"		203",이천,2022.4.8,48,22
"		203",이천,2022.4.9,52.5,28
"		203",이천,2022.4.10,53.5,19
"		203",이천,2022.4.11,60.1,32
"		203",이천,2022.4.12,69.5,38
"		203",이천,2022.4.13,86.8,69
"		203",이천,2022.4.14,79.1,58
"		203",이천,2022.4.15,58.8,25
"		203",이천,2022.4.16,52.3,17
"		203",이천,2022.4.17,50.9,18
"		203",이천,2022.4.18,44.1,19
"		203",이천,2022.4.19,48.6,20
"		203",이천,2022.4.20,52.3,18
"		203",이천,2022.4.21,57.1,23
"		203",이천,2022.4.22,73.1,55
"		203",이천,2022.4.23,59.3,20
"		203",이천,2022.4.24,67,31
"		203",이천,2022.4.25,77.5,54
"		203",이천,2022.4.26,73.8,49
"		203",이천,2022.4.27,34.8,20
"		203",이천,2022.4.28,56.3,26
"		203",이천,2022.4.29,74.8,53
"		203",이천,2022.4.30,69.9,46
"		203",이천,2022.5.1,57.1,20
"		203",이천,2022.5.2,59.5,27
"		203",이천,2022.5.3,56.5,23
"		203",이천,2022.5.4,54.6,30
"		203",이천,2022.5.5,57.3,24
"		203",이천,2022.5.6,67.1,37
"		203",이천,2022.5.7,60.3,20
"		203",이천,2022.5.8,64.6,42
"		203",이천,2022.5.9,62.5,31
"		203",이천,2022.5.10,47.6,13
"		203",이천,2022.5.11,49.1,33
"		203",이천,2022.5.12,57,37
"		203",이천,2022.5.13,65.5,47
"		203",이천,2022.5.14,56.9,25
"		203",이천,2022.5.15,46.4,19
"		203",이천,2022.5.16,48,28
"		203",이천,2022.5.17,52.6,27
"		203",이천,2022.5.18,56.5,26
"		203",이천,2022.5.19,46.6,27
"		203",이천,2022.5.20,57.8,32
"		203",이천,2022.5.21,66.9,42
"		203",이천,2022.5.22,69.9,46
"		203",이천,2022.5.23,68.5,39
"		203",이천,2022.5.24,56.6,27
"		203",이천,2022.5.25,64.3,38
"		203",이천,2022.5.26,59.4,28
"		203",이천,2022.5.27,59.1,37
"		203",이천,2022.5.28,58,30
"		203",이천,2022.5.29,58.6,32
"		203",이천,2022.5.30,75.5,51
"		203",이천,2022.5.31,50.9,25
"		203",이천,2022.6.1,45.1,17
"		203",이천,2022.6.2,64.6,40
"		203",이천,2022.6.3,65.3,22
"		203",이천,2022.6.4,60.3,44
"		203",이천,2022.6.5,80.1,49
"		203",이천,2022.6.6,79.4,54
"		203",이천,2022.6.7,67,43
"		203",이천,2022.6.8,63.6,43
"		203",이천,2022.6.9,78.1,58
"		203",이천,2022.6.10,74.3,44
"		203",이천,2022.6.11,70.6,31
"		203",이천,2022.6.12,65.3,45
"		203",이천,2022.6.13,58,32
"		203",이천,2022.6.14,66.5,43
"		203",이천,2022.6.15,98.4,84
"		203",이천,2022.6.16,79.4,55
"		203",이천,2022.6.17,82.1,56
"		203",이천,2022.6.18,79,62
"		203",이천,2022.6.19,82.1,70
"		203",이천,2022.6.20,77.9,55
"		203",이천,2022.6.21,72.1,41
"		203",이천,2022.6.22,70,37
"		203",이천,2022.6.23,90.6,68
"		203",이천,2022.6.24,84.3,63
"		203",이천,2022.6.25,79.6,56
"		203",이천,2022.6.26,81.1,72
"		203",이천,2022.6.27,77.5,68
"		203",이천,2022.6.28,68.8,66
"		203",이천,2022.6.29,89.4,66
"		203",이천,2022.6.30,99.6,94
"		203",이천,2022.7.1,84.5,57
"		203",이천,2022.7.2,78,47
"		203",이천,2022.7.3,75.9,51
"		203",이천,2022.7.4,76.1,53
"		203",이천,2022.7.5,84.3,60
"		203",이천,2022.7.6,85.1,63
"		203",이천,2022.7.7,80.9,60
"		203",이천,2022.7.8,82.1,66
"		203",이천,2022.7.9,81.1,63
"		203",이천,2022.7.10,78.3,53
"		203",이천,2022.7.11,87.9,68
"		203",이천,2022.7.12,82.9,64
"		203",이천,2022.7.13,95.1,82
"		203",이천,2022.7.14,89.8,73
"		203",이천,2022.7.15,76.9,56
"		203",이천,2022.7.16,92.8,77
"		203",이천,2022.7.17,82.8,62
"		203",이천,2022.7.18,87.6,70
"		203",이천,2022.7.19,80,55
"		203",이천,2022.7.20,78.5,55
"		203",이천,2022.7.21,94.9,87
"		203",이천,2022.7.22,93.9,76
"		203",이천,2022.7.23,93.1,69
"		203",이천,2022.7.24,94.9,79
"		203",이천,2022.7.25,82,56
"		203",이천,2022.7.26,83.8,51
"		203",이천,2022.7.27,80.9,56
"		203",이천,2022.7.28,79.8,57
"		203",이천,2022.7.29,77.3,51
"		203",이천,2022.7.30,77.5,55
"		203",이천,2022.7.31,94.5,75
"		203",이천,2022.8.1,86.3,69
"		203",이천,2022.8.2,90,70
"		203",이천,2022.8.3,89,66
"		203",이천,2022.8.4,78.8,58
"		203",이천,2022.8.5,83.9,66
"		203",이천,2022.8.6,84.4,67
"		203",이천,2022.8.7,83.4,71
"		203",이천,2022.8.8,91.8,78
"		203",이천,2022.8.9,93.5,84
"		203",이천,2022.8.10,96.5,81
"		203",이천,2022.8.11,98.6,89
"		203",이천,2022.8.12,81.9,53
"		203",이천,2022.8.13,97.1,86
"		203",이천,2022.8.14,96.6,76
"		203",이천,2022.8.15,85.6,69
"		203",이천,2022.8.16,76.5,53
"		203",이천,2022.8.17,88.5,59
"		203",이천,2022.8.18,79.8,56
"		203",이천,2022.8.19,91,74
"		203",이천,2022.8.20,83.5,60
"		203",이천,2022.8.21,81.9,50
"		203",이천,2022.8.22,79.8,59
"		203",이천,2022.8.23,94,77
"		203",이천,2022.8.24,79,56
"		203",이천,2022.8.25,89.1,71
"		203",이천,2022.8.26,79.3,56
"		203",이천,2022.8.27,63,36
"		203",이천,2022.8.28,73.4,37
"		203",이천,2022.8.29,94.9,85
"		203",이천,2022.8.30,100,90
"		203",이천,2022.8.31,95.1,77
"		203",이천,2022.9.1,81.6,47
"		203",이천,2022.9.2,75.3,46
"		203",이천,2022.9.3,75.5,55
"		203",이천,2022.9.4,94.4,82
"		203",이천,2022.9.5,100,96
"		203",이천,2022.9.6,83.5,49
"		203",이천,2022.9.7,76.6,34
"		203",이천,2022.9.8,78.1,39
"		203",이천,2022.9.9,77.8,43
"		203",이천,2022.9.10,76,46
"		203",이천,2022.9.11,79.5,58
"		203",이천,2022.9.12,87.9,64
"		203",이천,2022.9.13,84.8,66
"		203",이천,2022.9.14,66.1,49
"		203",이천,2022.9.15,76.8,53
"		203",이천,2022.9.16,75.1,58
"		203",이천,2022.9.17,85.1,59
"		203",이천,2022.9.18,81.4,67
"		203",이천,2022.9.19,67.3,50
"		203",이천,2022.9.20,69.3,39
"		203",이천,2022.9.21,74.6,37
"		203",이천,2022.9.22,75.9,45
"		203",이천,2022.9.23,75,44
"		203",이천,2022.9.24,71.8,34
"		203",이천,2022.9.25,77.1,32
"		203",이천,2022.9.26,76.5,26
"		203",이천,2022.9.27,76.9,39
"		203",이천,2022.9.28,84.9,54
"		203",이천,2022.9.29,86.6,51
"		203",이천,2022.9.30,88.8,53
"		203",이천,2022.10.1,82.3,35
"		203",이천,2022.10.2,94.4,76
"		203",이천,2022.10.3,97.6,86
"		203",이천,2022.10.4,90.3,78
"		203",이천,2022.10.5,77.8,53
"		203",이천,2022.10.6,81.8,61
"		203",이천,2022.10.7,80.5,53
"		203",이천,2022.10.8,77,42
"		203",이천,2022.10.9,92.8,69
"		203",이천,2022.10.10,82.1,59
"		203",이천,2022.10.11,71.4,45
"		203",이천,2022.10.12,89,51
"		203",이천,2022.10.13,83,44
"		203",이천,2022.10.14,85.1,51
"		203",이천,2022.10.15,79.5,23
"		203",이천,2022.10.16,87.3,71
"		203",이천,2022.10.17,51.3,21
"		203",이천,2022.10.18,65.4,32
"		203",이천,2022.10.19,72.9,29
"		203",이천,2022.10.20,74.6,32
"		203",이천,2022.10.21,77.3,38
"		203",이천,2022.10.22,79.5,46
"		203",이천,2022.10.23,68.9,35
"		203",이천,2022.10.24,62.8,34
"		203",이천,2022.10.25,69.5,39
"		203",이천,2022.10.26,73.6,38
"		203",이천,2022.10.27,80,40
"		203",이천,2022.10.28,81.8,46
"		203",이천,2022.10.29,76.3,37
"		203",이천,2022.10.30,76.3,41
"		203",이천,2022.10.31,76.8,44
"		203",이천,2022.11.1,84.6,52
"		203",이천,2022.11.2,78.4,31
"		203",이천,2022.11.3,71.1,45
"		203",이천,2022.11.4,44.6,22
"		203",이천,2022.11.5,58.3,19
"		203",이천,2022.11.6,67,28
"		203",이천,2022.11.7,67.9,38
"		203",이천,2022.11.8,72.6,41
"		203",이천,2022.11.9,80,44
"		203",이천,2022.11.10,83.8,55
"		203",이천,2022.11.11,79.4,43
"		203",이천,2022.11.12,84.9,52
"		203",이천,2022.11.13,91.3,78
"		203",이천,2022.11.14,81,48
"		203",이천,2022.11.15,93,64
"		203",이천,2022.11.16,86.9,44
"		203",이천,2022.11.17,84.3,49
"		203",이천,2022.11.18,79.1,33
"		203",이천,2022.11.19,77.8,40
"		203",이천,2022.11.20,74,38
"		203",이천,2022.11.21,79.9,48
"		203",이천,2022.11.22,84.1,53
"		203",이천,2022.11.23,63.8,20
"		203",이천,2022.11.24,75.3,47
"		203",이천,2022.11.25,70,35
"		203",이천,2022.11.26,56.1,16
"		203",이천,2022.11.27,57.8,27
"		203",이천,2022.11.28,88.8,52
"		203",이천,2022.11.29,61.3,26
"		203",이천,2022.11.30,39.9,27
"		203",이천,2022.12.1,47.6,32
"		203",이천,2022.12.2,59.3,21
"		203",이천,2022.12.3,78.4,66
"		203",이천,2022.12.4,37.5,20
"		203",이천,2022.12.5,38.8,20
"		203",이천,2022.12.6,80.8,60
"		203",이천,2022.12.7,77.4,45
"		203",이천,2022.12.8,70.8,25
"		203",이천,2022.12.9,78.8,53
"		203",이천,2022.12.10,77.1,37
"		203",이천,2022.12.11,69,25
"		203",이천,2022.12.12,80.5,46
"		203",이천,2022.12.13,83.4,56
"		203",이천,2022.12.14,53.8,38
"		203",이천,2022.12.15,87.5,77
"		203",이천,2022.12.16,65.3,41
"		203",이천,2022.12.17,59.1,31
"		203",이천,2022.12.18,54.5,35
"		203",이천,2022.12.19,73,40
"		203",이천,2022.12.20,74.4,49
"		203",이천,2022.12.21,89.8,67
"		203",이천,2022.12.22,58.4,43
"		203",이천,2022.12.23,58.3,45
"		203",이천,2022.12.24,69,43
"		203",이천,2022.12.25,77.5,52
"		203",이천,2022.12.26,81.5,55
"		203",이천,2022.12.27,80.1,52
"		203",이천,2022.12.28,67.5,39
"		203",이천,2022.12.29,64.5,33
"		203",이천,2022.12.30,72.9,47
"		203",이천,2022.12.31,81.9,61
"		203",이천,2023.1.1,58.4,27
"		203",이천,2023.1.2,46.8,28
"		203",이천,2023.1.3,59.1,25
"		203",이천,2023.1.4,63.4,30
"		203",이천,2023.1.5,80.5,51
"		203",이천,2023.1.6,81,53
"		203",이천,2023.1.7,84.5,61
"		203",이천,2023.1.8,86.8,68
"		203",이천,2023.1.9,65.6,29
"		203",이천,2023.1.10,73.3,43
"		203",이천,2023.1.11,75.3,30
"		203",이천,2023.1.12,68.8,31
"		203",이천,2023.1.13,99.9,76
"		203",이천,2023.1.14,99.9,99
"		203",이천,2023.1.15,95,85
"		203",이천,2023.1.16,72.3,44
"		203",이천,2023.1.17,79.1,53
"		203",이천,2023.1.18,68.1,26
"		203",이천,2023.1.19,72.4,46
"		203",이천,2023.1.20,50.9,25
"		203",이천,2023.1.21,67.5,36
"		203",이천,2023.1.22,62.8,41
"		203",이천,2023.1.23,69.1,45
"		203",이천,2023.1.24,44.5,30
"		203",이천,2023.1.25,52.6,26
"		203",이천,2023.1.26,81.8,60
"		203",이천,2023.1.27,60.6,33
"		203",이천,2023.1.28,53.8,33
"		203",이천,2023.1.29,64.9,44
"		203",이천,2023.1.30,50.1,25
"		203",이천,2023.1.31,67.6,39
"		203",이천,2023.2.1,60.9,23
"		203",이천,2023.2.2,52.6,25
"		203",이천,2023.2.3,51.8,20
"		203",이천,2023.2.4,65.4,36
"		203",이천,2023.2.5,75,44
"		203",이천,2023.2.6,71.1,34
"		203",이천,2023.2.7,73,42
"		203",이천,2023.2.8,74.5,29
"		203",이천,2023.2.9,60.9,34
"		203",이천,2023.2.10,85.8,63
"		203",이천,2023.2.11,89.4,58
"		203",이천,2023.2.12,78.8,53
"		203",이천,2023.2.13,65.4,47
"		203",이천,2023.2.14,64.6,41
"		203",이천,2023.2.15,56,39
"		203",이천,2023.2.16,70.3,50
"		203",이천,2023.2.17,68.6,36
"		203",이천,2023.2.18,59.9,44
"		203",이천,2023.2.19,55,21
"		203",이천,2023.2.20,42.8,17
"		203",이천,2023.2.21,46.4,24
"		203",이천,2023.2.22,57.5,30
"		203",이천,2023.2.23,58.9,31
"		203",이천,2023.2.24,56.5,21
"		203",이천,2023.2.25,45.4,22
"		203",이천,2023.2.26,47.5,22
"		203",이천,2023.2.27,53.9,21
"		203",이천,2023.2.28,62.3,21
"		203",이천,2023.3.1,55.3,27
"		203",이천,2023.3.2,34.9,16
"		203",이천,2023.3.3,65.1,34
"		203",이천,2023.3.4,69.8,36
"		203",이천,2023.3.5,57.4,25
"		203",이천,2023.3.6,46.5,14
"		203",이천,2023.3.7,60.1,34
"		203",이천,2023.3.8,67.6,34
"		203",이천,2023.3.9,64.8,32
"		203",이천,2023.3.10,58.9,21
"		203",이천,2023.3.11,45.9,15
"		203",이천,2023.3.12,64.9,36
"		203",이천,2023.3.13,32.4,17
"		203",이천,2023.3.14,48.3,14
"		203",이천,2023.3.15,63.9,29
"		203",이천,2023.3.16,31.9,12
"		203",이천,2023.3.17,42.3,13
"		203",이천,2023.3.18,46.5,17
"		203",이천,2023.3.19,57.9,25
"		203",이천,2023.3.20,46.1,13
"		203",이천,2023.3.21,40.4,13
"		203",이천,2023.3.22,43.4,24
"		203",이천,2023.3.23,64.1,48
"		203",이천,2023.3.24,54.1,43
"		203",이천,2023.3.25,61.3,47
"		203",이천,2023.3.26,37.8,9
"		203",이천,2023.3.27,41.4,16
"		203",이천,2023.3.28,50.9,21
"		203",이천,2023.3.29,46,15
"		203",이천,2023.3.30,38.1,12
"		203",이천,2023.3.31,41.6,16
"		203",이천,2023.4.1,39.4,14
"		203",이천,2023.4.2,33.4,14
"		203",이천,2023.4.3,33.4,15
"		203",이천,2023.4.4,44.9,19
"		203",이천,2023.4.5,97.5,89
"		203",이천,2023.4.6,95.3,82
"		203",이천,2023.4.7,65.3,32
"		203",이천,2023.4.8,47.5,18
"		203",이천,2023.4.9,57.8,27
"		203",이천,2023.4.10,55,25
"		203",이천,2023.4.11,79.1,60
"		203",이천,2023.4.12,39.3,13
"		203",이천,2023.4.13,46.6,14
"		203",이천,2023.4.14,53.1,20
"		203",이천,2023.4.15,84,60
"		203",이천,2023.4.16,69,31
"		203",이천,2023.4.17,61.9,29
"		203",이천,2023.4.18,86.4,54
"		203",이천,2023.4.19,66,21
"		203",이천,2023.4.20,84.8,65
"		203",이천,2023.4.21,60,32
"		203",이천,2023.4.22,36.5,13
"		203",이천,2023.4.23,46.4,17
"		203",이천,2023.4.24,50.8,28
"		203",이천,2023.4.25,83,56
"		203",이천,2023.4.26,74,51
"		203",이천,2023.4.27,64,24
"		203",이천,2023.4.28,66.1,25
"		203",이천,2023.4.29,91.4,72
"		203",이천,2023.4.30,66.6,33
"		203",이천,2023.5.1,57.5,26
"		203",이천,2023.5.2,56,20
"		203",이천,2023.5.3,54.5,19
"		203",이천,2023.5.4,66.3,43
"		203",이천,2023.5.5,99.4,66
"		203",이천,2023.5.6,95.4,83
"		203",이천,2023.5.7,73.4,49
"		203",이천,2023.5.8,63.1,27
"		203",이천,2023.5.9,60.3,29
"		203",이천,2023.5.10,58.6,20
"		203",이천,2023.5.11,57.4,21
"		203",이천,2023.5.12,57,27
"		203",이천,2023.5.13,60.6,35
"		203",이천,2023.5.14,58.8,33
"		203",이천,2023.5.15,60.1,27
"		203",이천,2023.5.16,56.4,23
"		203",이천,2023.5.17,60.9,28
"		203",이천,2023.5.18,74,42
"		203",이천,2023.5.19,70.9,47
"		203",이천,2023.5.20,72.1,44
"		203",이천,2023.5.21,68.8,42
"		203",이천,2023.5.22,69.4,36
"		203",이천,2023.5.23,65.4,24
"		203",이천,2023.5.24,63.8,31
"		203",이천,2023.5.25,50.5,28
"		203",이천,2023.5.26,61.3,35
"		203",이천,2023.5.27,93.6,67
"		203",이천,2023.5.28,99.6,90
"		203",이천,2023.5.29,90,68
"		203",이천,2023.5.30,86.8,55
"		203",이천,2023.5.31,66.6,35
"		203",이천,2023.6.1,77.9,57
"		203",이천,2023.6.2,76.9,56
"		203",이천,2023.6.3,59,28
"		203",이천,2023.6.4,58.9,29
"		203",이천,2023.6.5,67.1,42
"		203",이천,2023.6.6,70.9,49
"		203",이천,2023.6.7,78,64
"		203",이천,2023.6.8,78.1,59
"		203",이천,2023.6.9,69.8,39
"		203",이천,2023.6.10,73,46
"		203",이천,2023.6.11,85.4,60
"		203",이천,2023.6.12,76.8,45
"		203",이천,2023.6.13,69.6,42
"		203",이천,2023.6.14,72.9,41
"		203",이천,2023.6.15,75.1,52
"		203",이천,2023.6.16,68.8,45
"		203",이천,2023.6.17,62,35
"		203",이천,2023.6.18,59.3,38
"		203",이천,2023.6.19,65.5,42
"		203",이천,2023.6.20,67.5,47
"		203",이천,2023.6.21,99.1,92
"		203",이천,2023.6.22,82.3,55
"		203",이천,2023.6.23,80.4,52
"		203",이천,2023.6.24,77.8,46
"		203",이천,2023.6.25,70.9,49
"		203",이천,2023.6.26,94,66
"		203",이천,2023.6.27,78,56
"		203",이천,2023.6.28,79.3,63
"		203",이천,2023.6.29,99,91
"		203",이천,2023.6.30,88.5,69
"		203",이천,2023.7.1,79.5,50
"		203",이천,2023.7.2,82.5,59
"		203",이천,2023.7.3,77.3,44
"		203",이천,2023.7.4,92.1,62
"		203",이천,2023.7.5,85.4,65
"		203",이천,2023.7.6,73.9,53
"		203",이천,2023.7.7,80.9,52
"		203",이천,2023.7.8,87.8,70
"		203",이천,2023.7.9,94.6,76
"		203",이천,2023.7.10,83.8,63
"		203",이천,2023.7.11,98.5,81
"		203",이천,2023.7.12,92.4,73
"		203",이천,2023.7.13,99.9,97
"		203",이천,2023.7.14,99.6,95
"		203",이천,2023.7.15,97.5,87
"		203",이천,2023.7.16,93.8,76
"		203",이천,2023.7.17,94,73
"		203",이천,2023.7.18,100,97
"		203",이천,2023.7.19,84,56
"		203",이천,2023.7.20,83,56
"		203",이천,2023.7.21,80,46
"		203",이천,2023.7.22,83.3,52
"		203",이천,2023.7.23,99.8,95
"		203",이천,2023.7.24,89.4,63
"		203",이천,2023.7.25,84.3,62
"		203",이천,2023.7.26,93,65
"		203",이천,2023.7.27,83.9,59
"		203",이천,2023.7.28,81,54
"		203",이천,2023.7.29,79,51
"		203",이천,2023.7.30,77.6,52
"		203",이천,2023.7.31,87.6,60
"		203",이천,2023.8.1,84.4,56
"		203",이천,2023.8.2,78.9,57
"		203",이천,2023.8.3,76.9,53
"		203",이천,2023.8.4,79.3,55
"		203",이천,2023.8.5,76.6,53
"		203",이천,2023.8.6,79.1,51
"		203",이천,2023.8.7,81.6,58
"		203",이천,2023.8.8,73.4,56
"		203",이천,2023.8.9,80.9,64
"		203",이천,2023.8.10,99,93
"		203",이천,2023.8.11,90,78
"		203",이천,2023.8.12,93,64
"		203",이천,2023.8.13,88.6,63
"		203",이천,2023.8.14,83.4,54
"		203",이천,2023.8.15,77.4,57
"		203",이천,2023.8.16,75.1,55
"		203",이천,2023.8.17,83.3,58
"		203",이천,2023.8.18,79.6,53
"		203",이천,2023.8.19,76.1,55
"		203",이천,2023.8.20,77.5,52
"		203",이천,2023.8.21,80.9,57
"		203",이천,2023.8.22,87,64
"		203",이천,2023.8.23,94.8,69
"		203",이천,2023.8.24,97.6,83
"		203",이천,2023.8.25,83.8,60
"		203",이천,2023.8.26,84.8,50
"		203",이천,2023.8.27,87.5,64
"		203",이천,2023.8.28,89.8,82
"		203",이천,2023.8.29,95.6,82
"		203",이천,2023.8.30,97.8,82
"		203",이천,2023.8.31,87.4,59
"		203",이천,2023.9.1,87.4,48
"		203",이천,2023.9.2,82.3,44
"		203",이천,2023.9.3,89.6,66
"		203",이천,2023.9.4,90.9,71
"		203",이천,2023.9.5,83.1,51
"		203",이천,2023.9.6,77.9,49
"		203",이천,2023.9.7,72.4,42
"		203",이천,2023.9.8,74.5,42
"		203",이천,2023.9.9,80,47
"		203",이천,2023.9.10,80.5,42
"		203",이천,2023.9.11,79,54
"		203",이천,2023.9.12,80.1,47
"		203",이천,2023.9.13,99.3,90
"		203",이천,2023.9.14,89.4,74
"		203",이천,2023.9.15,98.5,84
"		203",이천,2023.9.16,96.8,80
"		203",이천,2023.9.17,89,68
"		203",이천,2023.9.18,87.1,63
"		203",이천,2023.9.19,89.1,65
"		203",이천,2023.9.20,98,84
"		203",이천,2023.9.21,78.3,59
"		203",이천,2023.9.22,86.5,49
"		203",이천,2023.9.23,81.3,50
"		203",이천,2023.9.24,71,43
"		203",이천,2023.9.25,80.8,53
"		203",이천,2023.9.26,100,100
"		203",이천,2023.9.27,97.4,88
"		203",이천,2023.9.28,84.1,56
"		203",이천,2023.9.29,81.3,47
"		203",이천,2023.9.30,84.6,62
"		203",이천,2023.10.1,71,31
"		203",이천,2023.10.2,78.9,33
"		203",이천,2023.10.3,89.4,59
"		203",이천,2023.10.4,89.4,56
"		203",이천,2023.10.5,54.1,34
"		203",이천,2023.10.6,78.1,37
"		203",이천,2023.10.7,83.3,51
"		203",이천,2023.10.8,82.1,62
"		203",이천,2023.10.9,81.5,53
"		203",이천,2023.10.10,83.3,44
"		203",이천,2023.10.11,77.1,34
"		203",이천,2023.10.12,79.4,37
"		203",이천,2023.10.13,84.8,52
"		203",이천,2023.10.14,96,76
"		203",이천,2023.10.15,85.5,48
"		203",이천,2023.10.16,71.3,33
"		203",이천,2023.10.17,80.5,35
"		203",이천,2023.10.18,83.1,43
"		203",이천,2023.10.19,99.8,95
"		203",이천,2023.10.20,54.3,30
"		203",이천,2023.10.21,72,38
"		203",이천,2023.10.22,80.6,40
"		203",이천,2023.10.23,82.4,45
"		203",이천,2023.10.24,92.6,68
"		203",이천,2023.10.25,93.9,64
"		203",이천,2023.10.26,89.6,67
"		203",이천,2023.10.27,84.5,50
"		203",이천,2023.10.28,90.3,55
"		203",이천,2023.10.29,80.6,34
"		203",이천,2023.10.30,82.9,45
"		203",이천,2023.10.31,88.6,59
"		203",이천,2023.11.1,87.1,76
"		203",이천,2023.11.2,66.6,26
"		203",이천,2023.11.3,83.3,57
"		203",이천,2023.11.4,85.5,69
"		203",이천,2023.11.5,91.1,67
"		203",이천,2023.11.6,82.6,46
"		203",이천,2023.11.7,62.3,38
"		203",이천,2023.11.8,76.8,33
"		203",이천,2023.11.9,81,57
"		203",이천,2023.11.10,47,23
"		203",이천,2023.11.11,53.9,21
"		203",이천,2023.11.12,56,30
"		203",이천,2023.11.13,59.3,23
"		203",이천,2023.11.14,72.9,42
"		203",이천,2023.11.15,78.3,44
"		203",이천,2023.11.16,97.3,83
"		203",이천,2023.11.17,69.3,25
"		203",이천,2023.11.18,57.6,40
"		203",이천,2023.11.19,72,51
"		203",이천,2023.11.20,61.5,34
"		203",이천,2023.11.21,71.1,34
"		203",이천,2023.11.22,75.6,44
"		203",이천,2023.11.23,67.5,36
"		203",이천,2023.11.24,46.5,29
"		203",이천,2023.11.25,50.6,25
"		203",이천,2023.11.26,57.8,28
"		203",이천,2023.11.27,93.5,61
"		203",이천,2023.11.28,60.5,30
"		203",이천,2023.11.29,65.3,43
"		203",이천,2023.11.30,48.3,29
"		203",이천,2023.12.1,57.1,26
"		203",이천,2023.12.2,72.3,55
"		203",이천,2023.12.3,57.8,32
"		203",이천,2023.12.4,70,31
"		203",이천,2023.12.5,73.6,43
"		203",이천,2023.12.6,86.6,64
"		203",이천,2023.12.7,62.3,37
"		203",이천,2023.12.8,78.4,50
"		203",이천,2023.12.9,90.6,66
"		203",이천,2023.12.10,82.3,61
"		203",이천,2023.12.11,88.3,73
"		203",이천,2023.12.12,79.1,62
"		203",이천,2023.12.13,83.8,61
"		203",이천,2023.12.14,89.6,75
"		203",이천,2023.12.15,99,94
"		203",이천,2023.12.16,72.5,47
"		203",이천,2023.12.17,46.9,32
"		203",이천,2023.12.18,64.1,44
"		203",이천,2023.12.19,70,46
"		203",이천,2023.12.20,63.9,45
"		203",이천,2023.12.21,53.1,38
"		203",이천,2023.12.22,50.6,35
"		203",이천,2023.12.23,69.3,40
"		203",이천,2023.12.24,83.3,63
"		203",이천,2023.12.25,91.5,69
"		203",이천,2023.12.26,82.6,47
"		203",이천,2023.12.27,85.6,58
"		203",이천,2023.12.28,81.1,52
"		203",이천,2023.12.29,82.5,54
"		203",이천,2023.12.30,98.5,94
"		203",이천,2023.12.31,96.9,87
"		203",이천,2024.1.1,100,100
"		203",이천,2024.1.2,91.5,72
"		203",이천,2024.1.3,95.6,80
"		203",이천,2024.1.4,89,72
"		203",이천,2024.1.5,84.9,57
"		203",이천,2024.1.6,70.6,32
"		203",이천,2024.1.7,53.4,32
"		203",이천,2024.1.8,59.9,30
"		203",이천,2024.1.9,85.4,63
"		203",이천,2024.1.10,88,64
"		203",이천,2024.1.11,82.6,71
"		203",이천,2024.1.12,59.1,25
"		203",이천,2024.1.13,54,27
"		203",이천,2024.1.14,86.8,63
"		203",이천,2024.1.15,54,30
"		203",이천,2024.1.16,66.8,38
"		203",이천,2024.1.17,90.1,63
"		203",이천,2024.1.18,90.8,77
"		203",이천,2024.1.19,69.1,54
"		203",이천,2024.1.20,80.4,59
"		203",이천,2024.1.21,78.5,61
"		203",이천,2024.1.22,64.1,48
"		203",이천,2024.1.23,52.1,39
"		203",이천,2024.1.24,50.9,35
"		203",이천,2024.1.25,50.9,27
"		203",이천,2024.1.26,66.1,38
"		203",이천,2024.1.27,72.4,35
"		203",이천,2024.1.28,67,42
"		203",이천,2024.1.29,74.1,40
"		203",이천,2024.1.30,69.3,36
"		203",이천,2024.1.31,57,26
"		203",이천,2024.2.1,71.5,50
"		203",이천,2024.2.2,61.6,33
"		203",이천,2024.2.3,74.8,51
"		203",이천,2024.2.4,75.3,47
"		203",이천,2024.2.5,92.9,68
"		203",이천,2024.2.6,87.8,78
"		203",이천,2024.2.7,79.8,66
"		203",이천,2024.2.8,75.8,46
"		203",이천,2024.2.9,72.5,44
"		203",이천,2024.2.10,69.5,33
"		203",이천,2024.2.11,72.3,44
"		203",이천,2024.2.12,70.6,29
"		203",이천,2024.2.13,73.1,49
"		203",이천,2024.2.14,78,55
"		203",이천,2024.2.15,90.9,81
"		203",이천,2024.2.16,76.8,47
"		203",이천,2024.2.17,80.1,45
"		203",이천,2024.2.18,88.6,55
"		203",이천,2024.2.19,99.6,97
"		203",이천,2024.2.20,96.9,82
"		203",이천,2024.2.21,99.3,93
"		203",이천,2024.2.22,90.8,80
"		203",이천,2024.2.23,71.3,53
"		203",이천,2024.2.24,73.6,48
"		203",이천,2024.2.25,91.5,71
"		203",이천,2024.2.26,78.3,40
"		203",이천,2024.2.27,64.4,39
"		203",이천,2024.2.28,72.1,50
"		203",이천,2024.2.29,70,46
"		203",이천,2024.3.1,36,19
"		203",이천,2024.3.2,59.6,45
"		203",이천,2024.3.3,72.9,42
"		203",이천,2024.3.4,75,32
"		203",이천,2024.3.5,60.4,45
"		203",이천,2024.3.6,63.8,43
"		203",이천,2024.3.7,62.9,33
"		203",이천,2024.3.8,51,23
"		203",이천,2024.3.9,47.4,21
"		203",이천,2024.3.10,54.3,22
"		203",이천,2024.3.11,59.3,36
"		203",이천,2024.3.12,80.4,60
"		203",이천,2024.3.13,65.4,22
"		203",이천,2024.3.14,58.6,23
"		203",이천,2024.3.15,59.6,22
"		203",이천,2024.3.16,53.9,23
"		203",이천,2024.3.17,46.6,27
"		203",이천,2024.3.18,30.5,12
"		203",이천,2024.3.19,61.9,25
"		203",이천,2024.3.20,54,26
"		203",이천,2024.3.21,47.9,30
"		203",이천,2024.3.22,64.6,30
"		203",이천,2024.3.23,62.8,24
"		203",이천,2024.3.24,46,20
"		203",이천,2024.3.25,72.4,41
"		203",이천,2024.3.26,83.5,56
"		203",이천,2024.3.27,74.3,42
"		203",이천,2024.3.28,93,76
"		203",이천,2024.3.29,84.1,68
"		203",이천,2024.3.30,66.9,27
"		203",이천,2024.3.31,45.4,15
"		203",이천,2024.4.1,38.4,15
"		203",이천,2024.4.2,47.6,16
"		203",이천,2024.4.3,89,54
"		203",이천,2024.4.4,67.5,50
"		203",이천,2024.4.5,60.1,43
"		203",이천,2024.4.6,57.5,31
"		203",이천,2024.4.7,49.6,23
"		203",이천,2024.4.8,49.5,26
"		203",이천,2024.4.9,40.3,23
"		203",이천,2024.4.10,56.9,40
"		203",이천,2024.4.11,69.5,44
"		203",이천,2024.4.12,61.5,31
"		203",이천,2024.4.13,55.8,20
"		203",이천,2024.4.14,51.6,17
"		203",이천,2024.4.15,83.1,40
"		203",이천,2024.4.16,78.8,45
"		203",이천,2024.4.17,67.9,30
"		203",이천,2024.4.18,57.1,23
"		203",이천,2024.4.19,53.8,31
"		203",이천,2024.4.20,92.6,62
"		203",이천,2024.4.21,76.3,60
"		203",이천,2024.4.22,59.3,39
"		203",이천,2024.4.23,62.3,38
"		203",이천,2024.4.24,85,63
"		203",이천,2024.4.25,74.1,40
"		203",이천,2024.4.26,68,32
"		203",이천,2024.4.27,59.3,19
"		203",이천,2024.4.28,59.1,21
"		203",이천,2024.4.29,62.4,44
"		203",이천,2024.4.30,71,49
"		203",이천,2024.5.1,51,30
"		203",이천,2024.5.2,53.6,30
"		203",이천,2024.5.3,52.6,22
"		203",이천,2024.5.4,59.3,25
"		203",이천,2024.5.5,93.9,61
"		203",이천,2024.5.6,93.3,83
"		203",이천,2024.5.7,84.8,69
"		203",이천,2024.5.8,60.8,34
"		203",이천,2024.5.9,62.1,36
"		203",이천,2024.5.10,56,20
"		203",이천,2024.5.11,80.3,55
"		203",이천,2024.5.12,70.9,40
"		203",이천,2024.5.13,60.3,25
"		203",이천,2024.5.14,59.9,30
"		203",이천,2024.5.15,79.6,43
"		203",이천,2024.5.16,62.8,30
"		203",이천,2024.5.17,68.9,35
"		203",이천,2024.5.18,70.8,37
"		203",이천,2024.5.19,63.6,27
"		203",이천,2024.5.20,77,56
"		",,,,
"	",,,,
"	",,,,