"		瘤痢锅龋",瘤痢疙,老矫,乞闭嚼档(%rh),弥历嚼档(%rh)
"		99",颇林,2019.1.1,65.3,38
"		99",颇林,2019.1.2,63.8,28
"		99",颇林,2019.1.3,61.4,23
"		99",颇林,2019.1.4,75,42
"		99",颇林,2019.1.5,55.5,19
"		99",颇林,2019.1.6,53.1,23
"		99",颇林,2019.1.7,62,35
"		99",颇林,2019.1.8,46,19
"		99",颇林,2019.1.9,48.9,26
"		99",颇林,2019.1.10,61,31
"		99",颇林,2019.1.11,72,44
"		99",颇林,2019.1.12,64.6,29
"		99",颇林,2019.1.13,74.3,30
"		99",颇林,2019.1.14,82.1,60
"		99",颇林,2019.1.15,68,28
"		99",颇林,2019.1.16,57,26
"		99",颇林,2019.1.17,53.5,22
"		99",颇林,2019.1.18,63.4,24
"		99",颇林,2019.1.19,75.1,56
"		99",颇林,2019.1.20,47.1,23
"		99",颇林,2019.1.21,72.1,55
"		99",颇林,2019.1.22,79.6,44
"		99",颇林,2019.1.23,59.4,22
"		99",颇林,2019.1.24,53,16
"		99",颇林,2019.1.25,50,21
"		99",颇林,2019.1.26,44.4,22
"		99",颇林,2019.1.27,67.8,33
"		99",颇林,2019.1.28,48.6,21
"		99",颇林,2019.1.29,53.5,22
"		99",颇林,2019.1.30,70.5,43
"		99",颇林,2019.1.31,33.8,17
"		99",颇林,2019.2.1,63.5,29
"		99",颇林,2019.2.2,71.3,50
"		99",颇林,2019.2.3,91.1,47
"		99",颇林,2019.2.4,56.3,26
"		99",颇林,2019.2.5,59.3,23
"		99",颇林,2019.2.6,70.8,42
"		99",颇林,2019.2.7,47.6,22
"		99",颇林,2019.2.8,44.5,27
"		99",颇林,2019.2.9,40.6,21
"		99",颇林,2019.2.10,48.6,28
"		99",颇林,2019.2.11,45.6,21
"		99",颇林,2019.2.12,46.1,17
"		99",颇林,2019.2.13,41.6,19
"		99",颇林,2019.2.14,40,19
"		99",颇林,2019.2.15,84.8,52
"		99",颇林,2019.2.16,72.8,44
"		99",颇林,2019.2.17,67.3,32
"		99",颇林,2019.2.18,66.3,37
"		99",颇林,2019.2.19,85,64
"		99",颇林,2019.2.20,72,47
"		99",颇林,2019.2.21,75.9,43
"		99",颇林,2019.2.22,73.3,37
"		99",颇林,2019.2.23,58.5,17
"		99",颇林,2019.2.24,64.3,25
"		99",颇林,2019.2.25,72.5,25
"		99",颇林,2019.2.26,58.6,27
"		99",颇林,2019.2.27,51.8,25
"		99",颇林,2019.2.28,62.9,29
"		99",颇林,2019.3.1,66.8,31
"		99",颇林,2019.3.2,58.8,21
"		99",颇林,2019.3.3,60.3,27
"		99",颇林,2019.3.4,65.8,29
"		99",颇林,2019.3.5,81.5,53
"		99",颇林,2019.3.6,81.3,48
"		99",颇林,2019.3.7,63.5,28
"		99",颇林,2019.3.8,58.4,23
"		99",颇林,2019.3.9,54.9,19
"		99",颇林,2019.3.10,45.9,21
"		99",颇林,2019.3.11,77.9,45
"		99",颇林,2019.3.12,60.4,21
"		99",颇林,2019.3.13,45.8,14
"		99",颇林,2019.3.14,67.1,28
"		99",颇林,2019.3.15,91.3,33
"		99",颇林,2019.3.16,84.6,45
"		99",颇林,2019.3.17,74.1,32
"		99",颇林,2019.3.18,65.6,30
"		99",颇林,2019.3.19,73.4,34
"		99",颇林,2019.3.20,94,67
"		99",颇林,2019.3.21,79.5,55
"		99",颇林,2019.3.22,50.6,25
"		99",颇林,2019.3.23,60,33
"		99",颇林,2019.3.24,59.4,29
"		99",颇林,2019.3.25,72.6,64
"		99",颇林,2019.3.26,68.4,29
"		99",颇林,2019.3.27,81.6,59
"		99",颇林,2019.3.28,62.8,22
"		99",颇林,2019.3.29,42.9,25
"		99",颇林,2019.3.30,82.8,45
"		99",颇林,2019.3.31,52.6,21
"		99",颇林,2019.4.1,55.4,22
"		99",颇林,2019.4.2,55.1,18
"		99",颇林,2019.4.3,53.5,19
"		99",颇林,2019.4.4,61.9,34
"		99",颇林,2019.4.5,45,11
"		99",颇林,2019.4.6,60.1,24
"		99",颇林,2019.4.7,58.3,20
"		99",颇林,2019.4.8,39.6,11
"		99",颇林,2019.4.9,60.3,20
"		99",颇林,2019.4.10,87.9,66
"		99",颇林,2019.4.11,73.3,28
"		99",颇林,2019.4.12,65.8,25
"		99",颇林,2019.4.13,53.4,22
"		99",颇林,2019.4.14,66,23
"		99",颇林,2019.4.15,53.4,19
"		99",颇林,2019.4.16,49.1,16
"		99",颇林,2019.4.17,61.1,26
"		99",颇林,2019.4.18,90.4,72
"		99",颇林,2019.4.19,70.5,39
"		99",颇林,2019.4.20,82.9,54
"		99",颇林,2019.4.21,83.8,56
"		99",颇林,2019.4.22,66.5,24
"		99",颇林,2019.4.23,69,49
"		99",颇林,2019.4.24,76.1,48
"		99",颇林,2019.4.25,82,53
"		99",颇林,2019.4.26,82.9,61
"		99",颇林,2019.4.27,70.8,35
"		99",颇林,2019.4.28,67.5,42
"		99",颇林,2019.4.29,70.5,40
"		99",颇林,2019.4.30,69.6,38
"		99",颇林,2019.5.1,60.4,28
"		99",颇林,2019.5.2,47.4,17
"		99",颇林,2019.5.3,62.8,25
"		99",颇林,2019.5.4,61.9,24
"		99",颇林,2019.5.5,56.1,14
"		99",颇林,2019.5.6,33.4,15
"		99",颇林,2019.5.7,57,24
"		99",颇林,2019.5.8,64.6,44
"		99",颇林,2019.5.9,61.4,24
"		99",颇林,2019.5.10,65.9,33
"		99",颇林,2019.5.11,58.5,27
"		99",颇林,2019.5.12,61.4,26
"		99",颇林,2019.5.13,68.4,40
"		99",颇林,2019.5.14,65.8,32
"		99",颇林,2019.5.15,71.3,32
"		99",颇林,2019.5.16,69.4,37
"		99",颇林,2019.5.17,70.6,42
"		99",颇林,2019.5.18,63.9,41
"		99",颇林,2019.5.19,97.9,60
"		99",颇林,2019.5.20,70,38
"		99",颇林,2019.5.21,68.3,28
"		99",颇林,2019.5.22,67,33
"		99",颇林,2019.5.23,70.5,30
"		99",颇林,2019.5.24,71.8,39
"		99",颇林,2019.5.25,74.6,31
"		99",颇林,2019.5.26,64,26
"		99",颇林,2019.5.27,84.9,62
"		99",颇林,2019.5.28,61,33
"		99",颇林,2019.5.29,62.5,28
"		99",颇林,2019.5.30,68,45
"		99",颇林,2019.5.31,67,44
"		99",颇林,2019.6.1,76,54
"		99",颇林,2019.6.2,66.4,30
"		99",颇林,2019.6.3,69,34
"		99",颇林,2019.6.4,74.4,49
"		99",颇林,2019.6.5,84.8,65
"		99",颇林,2019.6.6,93.8,86
"		99",颇林,2019.6.7,82.1,59
"		99",颇林,2019.6.8,76.5,44
"		99",颇林,2019.6.9,80,66
"		99",颇林,2019.6.10,85.5,65
"		99",颇林,2019.6.11,68,41
"		99",颇林,2019.6.12,,46
"		99",颇林,2019.6.13,74,45
"		99",颇林,2019.6.14,76.9,41
"		99",颇林,2019.6.15,74.9,42
"		99",颇林,2019.6.16,72,43
"		99",颇林,2019.6.17,74.9,52
"		99",颇林,2019.6.18,90.8,71
"		99",颇林,2019.6.19,90.4,73
"		99",颇林,2019.6.20,83.4,60
"		99",颇林,2019.6.21,85,64
"		99",颇林,2019.6.22,65.8,41
"		99",颇林,2019.6.23,63.4,39
"		99",颇林,2019.6.24,70.4,44
"		99",颇林,2019.6.25,71.8,40
"		99",颇林,2019.6.26,82.9,62
"		99",颇林,2019.6.27,78.6,49
"		99",颇林,2019.6.28,83.3,62
"		99",颇林,2019.6.29,87,65
"		99",颇林,2019.6.30,85.9,62
"		99",颇林,2019.7.1,75.9,46
"		99",颇林,2019.7.2,75.9,46
"		99",颇林,2019.7.3,80.9,51
"		99",颇林,2019.7.4,72,34
"		99",颇林,2019.7.5,69.1,42
"		99",颇林,2019.7.6,67.9,33
"		99",颇林,2019.7.7,63.9,44
"		99",颇林,2019.7.8,66,45
"		99",颇林,2019.7.9,63.4,41
"		99",颇林,2019.7.10,78.1,59
"		99",颇林,2019.7.11,88,73
"		99",颇林,2019.7.12,82.3,59
"		99",颇林,2019.7.13,80.5,52
"		99",颇林,2019.7.14,81,50
"		99",颇林,2019.7.15,92.6,68
"		99",颇林,2019.7.16,89,67
"		99",颇林,2019.7.17,87.8,65
"		99",颇林,2019.7.18,76.5,46
"		99",颇林,2019.7.19,74.6,47
"		99",颇林,2019.7.20,75.9,65
"		99",颇林,2019.7.21,93,77
"		99",颇林,2019.7.22,85.9,62
"		99",颇林,2019.7.23,86.9,66
"		99",颇林,2019.7.24,98.1,91
"		99",颇林,2019.7.25,99.4,96
"		99",颇林,2019.7.26,98.5,92
"		99",颇林,2019.7.27,88,65
"		99",颇林,2019.7.28,97.6,92
"		99",颇林,2019.7.29,89.3,81
"		99",颇林,2019.7.30,92.5,79
"		99",颇林,2019.7.31,97.6,82
"		99",颇林,2019.8.1,94.4,73
"		99",颇林,2019.8.2,87,58
"		99",颇林,2019.8.3,86.8,61
"		99",颇林,2019.8.4,85.3,58
"		99",颇林,2019.8.5,83.3,54
"		99",颇林,2019.8.6,78,61
"		99",颇林,2019.8.7,90.8,74
"		99",颇林,2019.8.8,88.1,69
"		99",颇林,2019.8.9,87,62
"		99",颇林,2019.8.10,85.3,63
"		99",颇林,2019.8.11,73,47
"		99",颇林,2019.8.12,95.8,84
"		99",颇林,2019.8.13,91.8,74
"		99",颇林,2019.8.14,84.4,62
"		99",颇林,2019.8.15,90.3,77
"		99",颇林,2019.8.16,88.6,67
"		99",颇林,2019.8.17,81.6,60
"		99",颇林,2019.8.18,83.3,53
"		99",颇林,2019.8.19,84,53
"		99",颇林,2019.8.20,82.6,58
"		99",颇林,2019.8.21,91.9,67
"		99",颇林,2019.8.22,86.1,53
"		99",颇林,2019.8.23,82.9,51
"		99",颇林,2019.8.24,84.9,55
"		99",颇林,2019.8.25,86.4,54
"		99",颇林,2019.8.26,89.5,57
"		99",颇林,2019.8.27,86.1,60
"		99",颇林,2019.8.28,83.3,52
"		99",颇林,2019.8.29,82.9,68
"		99",颇林,2019.8.30,81.6,55
"		99",颇林,2019.8.31,81.5,53
"		99",颇林,2019.9.1,87.6,52
"		99",颇林,2019.9.2,85.8,41
"		99",颇林,2019.9.3,85.1,58
"		99",颇林,2019.9.4,98.3,93
"		99",颇林,2019.9.5,99.1,84
"		99",颇林,2019.9.6,96.5,84
"		99",颇林,2019.9.7,89.4,68
"		99",颇林,2019.9.8,90.9,69
"		99",颇林,2019.9.9,89,59
"		99",颇林,2019.9.10,98.5,89
"		99",颇林,2019.9.11,83.5,62
"		99",颇林,2019.9.12,87.8,70
"		99",颇林,2019.9.13,81.8,50
"		99",颇林,2019.9.14,96,79
"		99",颇林,2019.9.15,85,56
"		99",颇林,2019.9.16,77.4,39
"		99",颇林,2019.9.17,76.5,38
"		99",颇林,2019.9.18,66.5,35
"		99",颇林,2019.9.19,71.1,40
"		99",颇林,2019.9.20,81.6,62
"		99",颇林,2019.9.21,88.8,73
"		99",颇林,2019.9.22,74.6,63
"		99",颇林,2019.9.23,68.1,39
"		99",颇林,2019.9.24,80.4,45
"		99",颇林,2019.9.25,88.3,51
"		99",颇林,2019.9.26,85.1,54
"		99",颇林,2019.9.27,84.9,58
"		99",颇林,2019.9.28,82.4,52
"		99",颇林,2019.9.29,83.4,43
"		99",颇林,2019.9.30,85,45
"		99",颇林,2019.10.1,83.8,51
"		99",颇林,2019.10.2,93.1,72
"		99",颇林,2019.10.3,81.1,55
"		99",颇林,2019.10.4,87.1,65
"		99",颇林,2019.10.5,84.1,68
"		99",颇林,2019.10.6,74.3,46
"		99",颇林,2019.10.7,99.4,87
"		99",颇林,2019.10.8,71.8,30
"		99",颇林,2019.10.9,77.5,32
"		99",颇林,2019.10.10,86.4,52
"		99",颇林,2019.10.11,76.6,35
"		99",颇林,2019.10.12,66.1,43
"		99",颇林,2019.10.13,79.6,43
"		99",颇林,2019.10.14,75.3,34
"		99",颇林,2019.10.15,74.4,45
"		99",颇林,2019.10.16,83,45
"		99",颇林,2019.10.17,76.9,36
"		99",颇林,2019.10.18,79.8,48
"		99",颇林,2019.10.19,81.1,49
"		99",颇林,2019.10.20,84.6,43
"		99",颇林,2019.10.21,83,44
"		99",颇林,2019.10.22,79.1,43
"		99",颇林,2019.10.23,82.3,49
"		99",颇林,2019.10.24,69.9,44
"		99",颇林,2019.10.25,72.4,47
"		99",颇林,2019.10.26,76,49
"		99",颇林,2019.10.27,80.8,44
"		99",颇林,2019.10.28,81.4,50
"		99",颇林,2019.10.29,77.1,35
"		99",颇林,2019.10.30,82.5,43
"		99",颇林,2019.10.31,89.4,64
"		99",颇林,2019.11.1,74.6,27
"		99",颇林,2019.11.2,82.3,49
"		99",颇林,2019.11.3,77.5,45
"		99",颇林,2019.11.4,76,39
"		99",颇林,2019.11.5,85.5,46
"		99",颇林,2019.11.6,80.1,35
"		99",颇林,2019.11.7,66.1,25
"		99",颇林,2019.11.8,62.8,22
"		99",颇林,2019.11.9,69.3,31
"		99",颇林,2019.11.10,77,35
"		99",颇林,2019.11.11,82,54
"		99",颇林,2019.11.12,82.1,41
"		99",颇林,2019.11.13,85,56
"		99",颇林,2019.11.14,46.5,30
"		99",颇林,2019.11.15,93,56
"		99",颇林,2019.11.16,91.4,50
"		99",颇林,2019.11.17,89.3,67
"		99",颇林,2019.11.18,72.1,45
"		99",颇林,2019.11.19,65.6,45
"		99",颇林,2019.11.20,63.5,23
"		99",颇林,2019.11.21,68.3,43
"		99",颇林,2019.11.22,56.4,23
"		99",颇林,2019.11.23,70.6,49
"		99",颇林,2019.11.24,86.8,70
"		99",颇林,2019.11.25,71.9,57
"		99",颇林,2019.11.26,78.1,55
"		99",颇林,2019.11.27,69.6,41
"		99",颇林,2019.11.28,62.9,48
"		99",颇林,2019.11.29,68.1,30
"		99",颇林,2019.11.30,62.5,37
"		99",颇林,2019.12.1,92.8,69
"		99",颇林,2019.12.2,57.8,36
"		99",颇林,2019.12.3,76.8,54
"		99",颇林,2019.12.4,68.6,34
"		99",颇林,2019.12.5,52.5,27
"		99",颇林,2019.12.6,67.3,36
"		99",颇林,2019.12.7,81.6,69
"		99",颇林,2019.12.8,78.3,44
"		99",颇林,2019.12.9,82.6,66
"		99",颇林,2019.12.10,97.6,84
"		99",颇林,2019.12.11,74.5,40
"		99",颇林,2019.12.12,65.3,35
"		99",颇林,2019.12.13,78.6,58
"		99",颇林,2019.12.14,70.4,41
"		99",颇林,2019.12.15,78.1,51
"		99",颇林,2019.12.16,79.8,58
"		99",颇林,2019.12.17,89.9,77
"		99",颇林,2019.12.18,83.6,61
"		99",颇林,2019.12.19,72.8,36
"		99",颇林,2019.12.20,69.8,32
"		99",颇林,2019.12.21,87,70
"		99",颇林,2019.12.22,87.3,63
"		99",颇林,2019.12.23,92.1,67
"		99",颇林,2019.12.24,87.8,46
"		99",颇林,2019.12.25,83.5,50
"		99",颇林,2019.12.26,68.3,50
"		99",颇林,2019.12.27,69.8,35
"		99",颇林,2019.12.28,69.5,50
"		99",颇林,2019.12.29,69.3,41
"		99",颇林,2019.12.30,71.1,47
"		99",颇林,2019.12.31,48.6,32
"		99",颇林,2020.1.1,79.1,52
"		99",颇林,2020.1.2,83.4,66
"		99",颇林,2020.1.3,78.6,40
"		99",颇林,2020.1.4,73.6,39
"		99",颇林,2020.1.5,71,37
"		99",颇林,2020.1.6,79.6,61
"		99",颇林,2020.1.7,98.4,94
"		99",颇林,2020.1.8,90.6,74
"		99",颇林,2020.1.9,77,57
"		99",颇林,2020.1.10,81.5,51
"		99",颇林,2020.1.11,80,51
"		99",颇林,2020.1.12,75.8,49
"		99",颇林,2020.1.13,68.5,32
"		99",颇林,2020.1.14,69.3,28
"		99",颇林,2020.1.15,71.5,31
"		99",颇林,2020.1.16,74.4,41
"		99",颇林,2020.1.17,70.4,35
"		99",颇林,2020.1.18,72.3,39
"		99",颇林,2020.1.19,81.3,57
"		99",颇林,2020.1.20,68.8,36
"		99",颇林,2020.1.21,62.9,26
"		99",颇林,2020.1.22,52.9,21
"		99",颇林,2020.1.23,68.5,41
"		99",颇林,2020.1.24,77.4,44
"		99",颇林,2020.1.25,73.6,56
"		99",颇林,2020.1.26,66.1,41
"		99",颇林,2020.1.27,54.6,44
"		99",颇林,2020.1.28,59.4,46
"		99",颇林,2020.1.29,67.1,46
"		99",颇林,2020.1.30,68.6,41
"		99",颇林,2020.1.31,76.1,43
"		99",颇林,2020.2.1,83.9,54
"		99",颇林,2020.2.2,72.8,41
"		99",颇林,2020.2.3,59.1,25
"		99",颇林,2020.2.4,75.9,48
"		99",颇林,2020.2.5,50.5,35
"		99",颇林,2020.2.6,61.8,25
"		99",颇林,2020.2.7,65.5,31
"		99",颇林,2020.2.8,59.6,35
"		99",颇林,2020.2.9,71.8,39
"		99",颇林,2020.2.10,69.1,34
"		99",颇林,2020.2.11,61.3,24
"		99",颇林,2020.2.12,81.6,59
"		99",颇林,2020.2.13,95,81
"		99",颇林,2020.2.14,84.3,50
"		99",颇林,2020.2.15,80.1,43
"		99",颇林,2020.2.16,86.5,65
"		99",颇林,2020.2.17,68,53
"		99",颇林,2020.2.18,62.3,40
"		99",颇林,2020.2.19,78.6,49
"		99",颇林,2020.2.20,81,46
"		99",颇林,2020.2.21,85.8,56
"		99",颇林,2020.2.22,72.4,40
"		99",颇林,2020.2.23,71.4,36
"		99",颇林,2020.2.24,77.3,59
"		99",颇林,2020.2.25,83.1,62
"		99",颇林,2020.2.26,73.1,51
"		99",颇林,2020.2.27,69.8,34
"		99",颇林,2020.2.28,93.1,81
"		99",颇林,2020.2.29,83.8,45
"		99",颇林,2020.3.1,88.6,72
"		99",颇林,2020.3.2,67.4,40
"		99",颇林,2020.3.3,73.1,40
"		99",颇林,2020.3.4,67.5,42
"		99",颇林,2020.3.5,62.4,35
"		99",颇林,2020.3.6,66.3,25
"		99",颇林,2020.3.7,64.9,22
"		99",颇林,2020.3.8,67.9,25
"		99",颇林,2020.3.9,60,30
"		99",颇林,2020.3.10,81.6,48
"		99",颇林,2020.3.11,54.5,29
"		99",颇林,2020.3.12,72.3,29
"		99",颇林,2020.3.13,48.6,21
"		99",颇林,2020.3.14,66,37
"		99",颇林,2020.3.15,61.3,22
"		99",颇林,2020.3.16,62,27
"		99",颇林,2020.3.17,79.6,53
"		99",颇林,2020.3.18,64.9,28
"		99",颇林,2020.3.19,56.9,26
"		99",颇林,2020.3.20,52.6,22
"		99",颇林,2020.3.21,70.5,54
"		99",颇林,2020.3.22,46.8,18
"		99",颇林,2020.3.23,55.1,24
"		99",颇林,2020.3.24,52.3,22
"		99",颇林,2020.3.25,61,22
"		99",颇林,2020.3.26,60.5,32
"		99",颇林,2020.3.27,54.9,28
"		99",颇林,2020.3.28,25,11
"		99",颇林,2020.3.29,47,21
"		99",颇林,2020.3.30,56.6,16
"		99",颇林,2020.3.31,57.5,21
"		99",颇林,2020.4.1,53.8,20
"		99",颇林,2020.4.2,64.1,22
"		99",颇林,2020.4.3,68.4,26
"		99",颇林,2020.4.4,40.4,12
"		99",颇林,2020.4.5,36.3,13
"		99",颇林,2020.4.6,57.1,22
"		99",颇林,2020.4.7,69.5,44
"		99",颇林,2020.4.8,40.8,17
"		99",颇林,2020.4.9,54.5,27
"		99",颇林,2020.4.10,65,37
"		99",颇林,2020.4.11,72.4,36
"		99",颇林,2020.4.12,65.6,41
"		99",颇林,2020.4.13,48.1,16
"		99",颇林,2020.4.14,54.3,21
"		99",颇林,2020.4.15,54.6,25
"		99",颇林,2020.4.16,51.3,25
"		99",颇林,2020.4.17,88.6,53
"		99",颇林,2020.4.18,78.6,46
"		99",颇林,2020.4.19,82.4,45
"		99",颇林,2020.4.20,82,58
"		99",颇林,2020.4.21,52.5,28
"		99",颇林,2020.4.22,48,38
"		99",颇林,2020.4.23,50.1,22
"		99",颇林,2020.4.24,64.5,38
"		99",颇林,2020.4.25,61.3,34
"		99",颇林,2020.4.26,53.3,20
"		99",颇林,2020.4.27,58.1,24
"		99",颇林,2020.4.28,64.8,33
"		99",颇林,2020.4.29,60.3,24
"		99",颇林,2020.4.30,75.4,49
"		99",颇林,2020.5.1,85.9,64
"		99",颇林,2020.5.2,95.5,82
"		99",颇林,2020.5.3,77.4,47
"		99",颇林,2020.5.4,75.4,48
"		99",颇林,2020.5.5,79.6,47
"		99",颇林,2020.5.6,62.8,19
"		99",颇林,2020.5.7,47.1,21
"		99",颇林,2020.5.8,57.1,22
"		99",颇林,2020.5.9,98.4,96
"		99",颇林,2020.5.10,94.1,84
"		99",颇林,2020.5.11,72.4,32
"		99",颇林,2020.5.12,77.9,45
"		99",颇林,2020.5.13,63.1,29
"		99",颇林,2020.5.14,58.1,22
"		99",颇林,2020.5.15,92.5,52
"		99",颇林,2020.5.16,94.9,83
"		99",颇林,2020.5.17,90.5,74
"		99",颇林,2020.5.18,90.6,55
"		99",颇林,2020.5.19,80.8,53
"		99",颇林,2020.5.20,71.8,46
"		99",颇林,2020.5.21,74.8,44
"		99",颇林,2020.5.22,82.6,62
"		99",颇林,2020.5.23,79.3,47
"		99",颇林,2020.5.24,89.6,67
"		99",颇林,2020.5.25,86.9,62
"		99",颇林,2020.5.26,90.6,59
"		99",颇林,2020.5.27,81.8,51
"		99",颇林,2020.5.28,80.3,51
"		99",颇林,2020.5.29,80,39
"		99",颇林,2020.5.30,73.9,41
"		99",颇林,2020.5.31,76.9,43
"		99",颇林,2020.6.1,71.1,41
"		99",颇林,2020.6.2,81.9,49
"		99",颇林,2020.6.3,81.1,55
"		99",颇林,2020.6.4,90.3,75
"		99",颇林,2020.6.5,79.5,49
"		99",颇林,2020.6.6,77.9,49
"		99",颇林,2020.6.7,80.9,55
"		99",颇林,2020.6.8,79,51
"		99",颇林,2020.6.9,68.9,39
"		99",颇林,2020.6.10,78.9,52
"		99",颇林,2020.6.11,77.9,46
"		99",颇林,2020.6.12,84.9,54
"		99",颇林,2020.6.13,66.1,28
"		99",颇林,2020.6.14,74.1,50
"		99",颇林,2020.6.15,72.6,37
"		99",颇林,2020.6.16,76,46
"		99",颇林,2020.6.17,75.8,46
"		99",颇林,2020.6.18,79,58
"		99",颇林,2020.6.19,74.6,46
"		99",颇林,2020.6.20,77,53
"		99",颇林,2020.6.21,77.3,44
"		99",颇林,2020.6.22,68.4,33
"		99",颇林,2020.6.23,74.1,55
"		99",颇林,2020.6.24,96.9,85
"		99",颇林,2020.6.25,97.6,86
"		99",颇林,2020.6.26,88,66
"		99",颇林,2020.6.27,83.3,59
"		99",颇林,2020.6.28,85,59
"		99",颇林,2020.6.29,92.3,76
"		99",颇林,2020.6.30,91.4,69
"		99",颇林,2020.7.1,90.8,69
"		99",颇林,2020.7.2,85.1,63
"		99",颇林,2020.7.3,83.1,57
"		99",颇林,2020.7.4,79.9,47
"		99",颇林,2020.7.5,79.8,57
"		99",颇林,2020.7.6,81.8,60
"		99",颇林,2020.7.7,85.8,68
"		99",颇林,2020.7.8,82.4,56
"		99",颇林,2020.7.9,84.1,55
"		99",颇林,2020.7.10,89.3,75
"		99",颇林,2020.7.11,75.1,59
"		99",颇林,2020.7.12,86.4,73
"		99",颇林,2020.7.13,93.4,78
"		99",颇林,2020.7.14,80.8,64
"		99",颇林,2020.7.15,77.4,50
"		99",颇林,2020.7.16,85.6,65
"		99",颇林,2020.7.17,84.6,59
"		99",颇林,2020.7.18,86.6,67
"		99",颇林,2020.7.19,89,77
"		99",颇林,2020.7.20,93.8,79
"		99",颇林,2020.7.21,86.4,57
"		99",颇林,2020.7.22,94.1,81
"		99",颇林,2020.7.23,97.6,87
"		99",颇林,2020.7.24,80.3,63
"		99",颇林,2020.7.25,72.3,60
"		99",颇林,2020.7.26,79.9,63
"		99",颇林,2020.7.27,95.6,90
"		99",颇林,2020.7.28,86.9,67
"		99",颇林,2020.7.29,96.9,87
"		99",颇林,2020.7.30,91.1,70
"		99",颇林,2020.7.31,90.6,72
"		99",颇林,2020.8.1,97.9,89
"		99",颇林,2020.8.2,99.6,93
"		99",颇林,2020.8.3,98.6,91
"		99",颇林,2020.8.4,95,86
"		99",颇林,2020.8.5,97.1,86
"		99",颇林,2020.8.6,95.5,74
"		99",颇林,2020.8.7,93.9,80
"		99",颇林,2020.8.8,92.1,72
"		99",颇林,2020.8.9,99.9,99
"		99",颇林,2020.8.10,96.6,88
"		99",颇林,2020.8.11,99,85
"		99",颇林,2020.8.12,91.9,73
"		99",颇林,2020.8.13,93.8,82
"		99",颇林,2020.8.14,95.4,90
"		99",颇林,2020.8.15,99,93
"		99",颇林,2020.8.16,92,78
"		99",颇林,2020.8.17,90.4,70
"		99",颇林,2020.8.18,89.4,64
"		99",颇林,2020.8.19,87.6,64
"		99",颇林,2020.8.20,90.6,71
"		99",颇林,2020.8.21,95.4,85
"		99",颇林,2020.8.22,92.8,69
"		99",颇林,2020.8.23,89.6,63
"		99",颇林,2020.8.24,87.3,60
"		99",颇林,2020.8.25,83.5,57
"		99",颇林,2020.8.26,80,57
"		99",颇林,2020.8.27,89.1,70
"		99",颇林,2020.8.28,94.4,76
"		99",颇林,2020.8.29,90.9,69
"		99",颇林,2020.8.30,91.3,73
"		99",颇林,2020.8.31,89,69
"		99",颇林,2020.9.1,84.9,61
"		99",颇林,2020.9.2,99.3,98
"		99",颇林,2020.9.3,84.9,63
"		99",颇林,2020.9.4,78.3,50
"		99",颇林,2020.9.5,86,59
"		99",颇林,2020.9.6,89.4,74
"		99",颇林,2020.9.7,95.5,87
"		99",颇林,2020.9.8,78.8,56
"		99",颇林,2020.9.9,95.6,76
"		99",颇林,2020.9.10,88,59
"		99",颇林,2020.9.11,83.8,48
"		99",颇林,2020.9.12,87.5,75
"		99",颇林,2020.9.13,79.6,56
"		99",颇林,2020.9.14,89.8,63
"		99",颇林,2020.9.15,88.9,53
"		99",颇林,2020.9.16,92.4,72
"		99",颇林,2020.9.17,85.1,55
"		99",颇林,2020.9.18,82.5,41
"		99",颇林,2020.9.19,76.8,32
"		99",颇林,2020.9.20,71.5,33
"		99",颇林,2020.9.21,78.8,37
"		99",颇林,2020.9.22,76.6,44
"		99",颇林,2020.9.23,74.6,49
"		99",颇林,2020.9.24,71.9,51
"		99",颇林,2020.9.25,75,51
"		99",颇林,2020.9.26,74.5,49
"		99",颇林,2020.9.27,79.4,46
"		99",颇林,2020.9.28,83.1,43
"		99",颇林,2020.9.29,86.3,47
"		99",颇林,2020.9.30,85.3,59
"		99",颇林,2020.10.1,84.6,55
"		99",颇林,2020.10.2,91.9,70
"		99",颇林,2020.10.3,83.5,47
"		99",颇林,2020.10.4,80.8,41
"		99",颇林,2020.10.5,73.8,43
"		99",颇林,2020.10.6,77.4,30
"		99",颇林,2020.10.7,73.1,33
"		99",颇林,2020.10.8,68.1,40
"		99",颇林,2020.10.9,65.3,39
"		99",颇林,2020.10.10,75.9,44
"		99",颇林,2020.10.11,81.9,53
"		99",颇林,2020.10.12,82.1,50
"		99",颇林,2020.10.13,73.9,26
"		99",颇林,2020.10.14,68.5,19
"		99",颇林,2020.10.15,70.5,29
"		99",颇林,2020.10.16,90.8,69
"		99",颇林,2020.10.17,80.3,28
"		99",颇林,2020.10.18,81.8,47
"		99",颇林,2020.10.19,86.1,44
"		99",颇林,2020.10.20,79.9,33
"		99",颇林,2020.10.21,87.1,60
"		99",颇林,2020.10.22,75,32
"		99",颇林,2020.10.23,60.4,33
"		99",颇林,2020.10.24,60.8,26
"		99",颇林,2020.10.25,77.1,31
"		99",颇林,2020.10.26,85.3,49
"		99",颇林,2020.10.27,85,47
"		99",颇林,2020.10.28,63.1,21
"		99",颇林,2020.10.29,64.4,24
"		99",颇林,2020.10.30,62.5,21
"		99",颇林,2020.10.31,77.1,49
"		99",颇林,2020.11.1,92,73
"		99",颇林,2020.11.2,72.6,22
"		99",颇林,2020.11.3,54.6,31
"		99",颇林,2020.11.4,55.6,19
"		99",颇林,2020.11.5,77,49
"		99",颇林,2020.11.6,78,51
"		99",颇林,2020.11.7,78.3,39
"		99",颇林,2020.11.8,47.5,13
"		99",颇林,2020.11.9,57.8,23
"		99",颇林,2020.11.10,65.8,32
"		99",颇林,2020.11.11,66.6,31
"		99",颇林,2020.11.12,74.6,29
"		99",颇林,2020.11.13,81.6,41
"		99",颇林,2020.11.14,77.4,37
"		99",颇林,2020.11.15,86.9,48
"		99",颇林,2020.11.16,83,50
"		99",颇林,2020.11.17,78.6,54
"		99",颇林,2020.11.18,92.3,76
"		99",颇林,2020.11.19,89.6,76
"		99",颇林,2020.11.20,78.1,59
"		99",颇林,2020.11.21,78.6,52
"		99",颇林,2020.11.22,84.4,70
"		99",颇林,2020.11.23,76.5,42
"		99",颇林,2020.11.24,72.9,41
"		99",颇林,2020.11.25,82.6,55
"		99",颇林,2020.11.26,81.6,39
"		99",颇林,2020.11.27,72.3,38
"		99",颇林,2020.11.28,57.6,32
"		99",颇林,2020.11.29,71.3,49
"		99",颇林,2020.11.30,70.6,39
"		99",颇林,2020.12.1,67.9,33
"		99",颇林,2020.12.2,54.4,30
"		99",颇林,2020.12.3,62.5,32
"		99",颇林,2020.12.4,69.8,34
"		99",颇林,2020.12.5,76.5,53
"		99",颇林,2020.12.6,76.1,49
"		99",颇林,2020.12.7,69.8,34
"		99",颇林,2020.12.8,69.4,31
"		99",颇林,2020.12.9,69.8,36
"		99",颇林,2020.12.10,80.4,64
"		99",颇林,2020.12.11,91.6,71
"		99",颇林,2020.12.12,69.9,32
"		99",颇林,2020.12.13,77.9,57
"		99",颇林,2020.12.14,52.9,30
"		99",颇林,2020.12.15,47.9,25
"		99",颇林,2020.12.16,61,28
"		99",颇林,2020.12.17,64.4,29
"		99",颇林,2020.12.18,62.1,37
"		99",颇林,2020.12.19,59.6,28
"		99",颇林,2020.12.20,65.1,32
"		99",颇林,2020.12.21,74.3,38
"		99",颇林,2020.12.22,78.4,48
"		99",颇林,2020.12.23,87.3,68
"		99",颇林,2020.12.24,71.6,34
"		99",颇林,2020.12.25,71.1,33
"		99",颇林,2020.12.26,70.4,32
"		99",颇林,2020.12.27,68.4,45
"		99",颇林,2020.12.28,85.5,43
"		99",颇林,2020.12.29,78.3,57
"		99",颇林,2020.12.30,52.4,37
"		99",颇林,2020.12.31,60.9,37
"		99",颇林,2021.1.1,74.4,56
"		99",颇林,2021.1.2,47.1,27
"		99",颇林,2021.1.3,55.4,28
"		99",颇林,2021.1.4,58.6,23
"		99",颇林,2021.1.5,61.3,26
"		99",颇林,2021.1.6,61.6,25
"		99",颇林,2021.1.7,50.9,35
"		99",颇林,2021.1.8,48.9,32
"		99",颇林,2021.1.9,57,32
"		99",颇林,2021.1.10,63.4,35
"		99",颇林,2021.1.11,70.1,46
"		99",颇林,2021.1.12,88.3,58
"		99",颇林,2021.1.13,84.1,68
"		99",颇林,2021.1.14,59.6,30
"		99",颇林,2021.1.15,68.1,49
"		99",颇林,2021.1.16,60.6,30
"		99",颇林,2021.1.17,66.5,30
"		99",颇林,2021.1.18,65.1,28
"		99",颇林,2021.1.19,49.5,19
"		99",颇林,2021.1.20,47.5,24
"		99",颇林,2021.1.21,72.9,45
"		99",颇林,2021.1.22,95.1,86
"		99",颇林,2021.1.23,71.3,56
"		99",颇林,2021.1.24,74.5,44
"		99",颇林,2021.1.25,78.6,44
"		99",颇林,2021.1.26,90.5,75
"		99",颇林,2021.1.27,59.5,19
"		99",颇林,2021.1.28,60.9,34
"		99",颇林,2021.1.29,47.5,30
"		99",颇林,2021.1.30,65.8,39
"		99",颇林,2021.1.31,67.3,36
"		99",颇林,2021.2.1,83,54
"		99",颇林,2021.2.2,52.1,30
"		99",颇林,2021.2.3,80.4,44
"		99",颇林,2021.2.4,60.9,32
"		99",颇林,2021.2.5,84,68
"		99",颇林,2021.2.6,85.9,69
"		99",颇林,2021.2.7,70.5,25
"		99",颇林,2021.2.8,44.8,27
"		99",颇林,2021.2.9,65.3,31
"		99",颇林,2021.2.10,83.5,65
"		99",颇林,2021.2.11,82.8,51
"		99",颇林,2021.2.12,73.4,33
"		99",颇林,2021.2.13,70.9,30
"		99",颇林,2021.2.14,60.1,37
"		99",颇林,2021.2.15,67.4,35
"		99",颇林,2021.2.16,48.9,23
"		99",颇林,2021.2.17,42.1,28
"		99",颇林,2021.2.18,45,30
"		99",颇林,2021.2.19,73.8,51
"		99",颇林,2021.2.20,67,27
"		99",颇林,2021.2.21,74.1,52
"		99",颇林,2021.2.22,62.5,28
"		99",颇林,2021.2.23,36.5,20
"		99",颇林,2021.2.24,45.5,18
"		99",颇林,2021.2.25,50.3,20
"		99",颇林,2021.2.26,42.6,15
"		99",颇林,2021.2.27,59.4,29
"		99",颇林,2021.2.28,63.3,40
"		99",颇林,2021.3.1,94.3,59
"		99",颇林,2021.3.2,78.9,52
"		99",颇林,2021.3.3,73.4,35
"		99",颇林,2021.3.4,75.4,49
"		99",颇林,2021.3.5,81.5,48
"		99",颇林,2021.3.6,73.6,53
"		99",颇林,2021.3.7,68,38
"		99",颇林,2021.3.8,70.1,28
"		99",颇林,2021.3.9,72.8,33
"		99",颇林,2021.3.10,75,32
"		99",颇林,2021.3.11,67.3,27
"		99",颇林,2021.3.12,67.3,45
"		99",颇林,2021.3.13,73.3,44
"		99",颇林,2021.3.14,84.4,55
"		99",颇林,2021.3.15,78.3,47
"		99",颇林,2021.3.16,53.9,24
"		99",颇林,2021.3.17,62.6,24
"		99",颇林,2021.3.18,63.3,34
"		99",颇林,2021.3.19,58.4,37
"		99",颇林,2021.3.20,84.6,70
"		99",颇林,2021.3.21,68.1,39
"		99",颇林,2021.3.22,58.5,32
"		99",颇林,2021.3.23,72.8,41
"		99",颇林,2021.3.24,72.5,45
"		99",颇林,2021.3.25,80.3,51
"		99",颇林,2021.3.26,70.1,27
"		99",颇林,2021.3.27,83,52
"		99",颇林,2021.3.28,96.3,87
"		99",颇林,2021.3.29,69.4,38
"		99",颇林,2021.3.30,64.1,23
"		99",颇林,2021.3.31,60.6,22
"		99",颇林,2021.4.1,37.4,17
"		99",颇林,2021.4.2,45,24
"		99",颇林,2021.4.3,84.5,56
"		99",颇林,2021.4.4,65.4,40
"		99",颇林,2021.4.5,62.9,23
"		99",颇林,2021.4.6,62.5,31
"		99",颇林,2021.4.7,59.9,27
"		99",颇林,2021.4.8,47.4,20
"		99",颇林,2021.4.9,47.6,21
"		99",颇林,2021.4.10,63.8,32
"		99",颇林,2021.4.11,61,21
"		99",颇林,2021.4.12,78,41
"		99",颇林,2021.4.13,71.4,48
"		99",颇林,2021.4.14,67,31
"		99",颇林,2021.4.15,76.8,37
"		99",颇林,2021.4.16,66.9,34
"		99",颇林,2021.4.17,70.6,43
"		99",颇林,2021.4.18,68.8,40
"		99",颇林,2021.4.19,73.3,45
"		99",颇林,2021.4.20,71.4,37
"		99",颇林,2021.4.21,60.4,25
"		99",颇林,2021.4.22,51.4,25
"		99",颇林,2021.4.23,55,30
"		99",颇林,2021.4.24,55.4,27
"		99",颇林,2021.4.25,64.3,33
"		99",颇林,2021.4.26,71,29
"		99",颇林,2021.4.27,81,47
"		99",颇林,2021.4.28,80.3,46
"		99",颇林,2021.4.29,70.5,44
"		99",颇林,2021.4.30,85.8,59
"		99",颇林,2021.5.1,86.9,52
"		99",颇林,2021.5.2,75.8,42
"		99",颇林,2021.5.3,69.9,31
"		99",颇林,2021.5.4,96,80
"		99",颇林,2021.5.5,74.1,34
"		99",颇林,2021.5.6,63.1,33
"		99",颇林,2021.5.7,67.9,45
"		99",颇林,2021.5.8,72.4,42
"		99",颇林,2021.5.9,62.5,23
"		99",颇林,2021.5.10,83.8,65
"		99",颇林,2021.5.11,57,22
"		99",颇林,2021.5.12,58.8,29
"		99",颇林,2021.5.13,72.1,41
"		99",颇林,2021.5.14,78.3,42
"		99",颇林,2021.5.15,90.9,60
"		99",颇林,2021.5.16,99,97
"		99",颇林,2021.5.17,92.8,70
"		99",颇林,2021.5.18,82.4,44
"		99",颇林,2021.5.19,71.4,30
"		99",颇林,2021.5.20,79.1,48
"		99",颇林,2021.5.21,88,68
"		99",颇林,2021.5.22,78.8,48
"		99",颇林,2021.5.23,77.1,51
"		99",颇林,2021.5.24,71.6,28
"		99",颇林,2021.5.25,80.5,54
"		99",颇林,2021.5.26,71.5,34
"		99",颇林,2021.5.27,88.8,66
"		99",颇林,2021.5.28,84.6,68
"		99",颇林,2021.5.29,90.5,58
"		99",颇林,2021.5.30,86.4,44
"		99",颇林,2021.5.31,87.5,65
"		99",颇林,2021.6.1,91.6,76
"		99",颇林,2021.6.2,77.1,43
"		99",颇林,2021.6.3,93.3,72
"		99",颇林,2021.6.4,78.4,45
"		99",颇林,2021.6.5,79.5,52
"		99",颇林,2021.6.6,83.4,57
"		99",颇林,2021.6.7,88.5,64
"		99",颇林,2021.6.8,84.5,62
"		99",颇林,2021.6.9,75.4,39
"		99",颇林,2021.6.10,88.3,63
"		99",颇林,2021.6.11,91.3,74
"		99",颇林,2021.6.12,84.1,48
"		99",颇林,2021.6.13,82.6,55
"		99",颇林,2021.6.14,84.4,61
"		99",颇林,2021.6.15,95.6,78
"		99",颇林,2021.6.16,71.4,46
"		99",颇林,2021.6.17,81,67
"		99",颇林,2021.6.18,95.6,80
"		99",颇林,2021.6.19,83.8,57
"		99",颇林,2021.6.20,87,56
"		99",颇林,2021.6.21,80.8,53
"		99",颇林,2021.6.22,82.4,48
"		99",颇林,2021.6.23,76.4,50
"		99",颇林,2021.6.24,83.3,54
"		99",颇林,2021.6.25,83.5,52
"		99",颇林,2021.6.26,93.4,78
"		99",颇林,2021.6.27,81.4,53
"		99",颇林,2021.6.28,87.4,63
"		99",颇林,2021.6.29,85.3,66
"		99",颇林,2021.6.30,86.8,61
"		99",颇林,2021.7.1,83.5,56
"		99",颇林,2021.7.2,81,59
"		99",颇林,2021.7.3,89.4,74
"		99",颇林,2021.7.4,100,98
"		99",颇林,2021.7.5,89,64
"		99",颇林,2021.7.6,85.5,62
"		99",颇林,2021.7.7,87.8,69
"		99",颇林,2021.7.8,89.6,67
"		99",颇林,2021.7.9,86,67
"		99",颇林,2021.7.10,89.3,71
"		99",颇林,2021.7.11,95.5,84
"		99",颇林,2021.7.12,87.9,67
"		99",颇林,2021.7.13,89.6,72
"		99",颇林,2021.7.14,83,58
"		99",颇林,2021.7.15,82.9,59
"		99",颇林,2021.7.16,83.3,55
"		99",颇林,2021.7.17,83.3,53
"		99",颇林,2021.7.18,82.1,53
"		99",颇林,2021.7.19,92.5,67
"		99",颇林,2021.7.20,87.6,59
"		99",颇林,2021.7.21,81.9,56
"		99",颇林,2021.7.22,83,55
"		99",颇林,2021.7.23,80.6,55
"		99",颇林,2021.7.24,80.6,55
"		99",颇林,2021.7.25,74.6,40
"		99",颇林,2021.7.26,74.8,45
"		99",颇林,2021.7.27,76.8,53
"		99",颇林,2021.7.28,78.8,53
"		99",颇林,2021.7.29,80.6,57
"		99",颇林,2021.7.30,76.3,47
"		99",颇林,2021.7.31,79.8,54
"		99",颇林,2021.8.1,89.4,70
"		99",颇林,2021.8.2,89.9,70
"		99",颇林,2021.8.3,83.9,58
"		99",颇林,2021.8.4,82.9,58
"		99",颇林,2021.8.5,80.5,56
"		99",颇林,2021.8.6,85.4,59
"		99",颇林,2021.8.7,83.3,51
"		99",颇林,2021.8.8,88.1,62
"		99",颇林,2021.8.9,73.3,46
"		99",颇林,2021.8.10,75.5,46
"		99",颇林,2021.8.11,81.5,47
"		99",颇林,2021.8.12,79.3,51
"		99",颇林,2021.8.13,81.4,59
"		99",颇林,2021.8.14,74.1,50
"		99",颇林,2021.8.15,70.3,43
"		99",颇林,2021.8.16,70.4,44
"		99",颇林,2021.8.17,73.1,43
"		99",颇林,2021.8.18,78.1,52
"		99",颇林,2021.8.19,65.8,39
"		99",颇林,2021.8.20,75.1,50
"		99",颇林,2021.8.21,92.8,78
"		99",颇林,2021.8.22,86.9,58
"		99",颇林,2021.8.23,95.1,78
"		99",颇林,2021.8.24,97.1,83
"		99",颇林,2021.8.25,95.8,75
"		99",颇林,2021.8.26,92.1,76
"		99",颇林,2021.8.27,95.1,81
"		99",颇林,2021.8.28,87.6,60
"		99",颇林,2021.8.29,91.6,65
"		99",颇林,2021.8.30,90.8,65
"		99",颇林,2021.8.31,99.3,93
"		99",颇林,2021.9.1,86.5,69
"		99",颇林,2021.9.2,81.9,60
"		99",颇林,2021.9.3,75.5,48
"		99",颇林,2021.9.4,74.3,49
"		99",颇林,2021.9.5,75.9,52
"		99",颇林,2021.9.6,78.9,54
"		99",颇林,2021.9.7,99.4,92
"		99",颇林,2021.9.8,85.1,58
"		99",颇林,2021.9.9,90.5,60
"		99",颇林,2021.9.10,87,59
"		99",颇林,2021.9.11,83.5,52
"		99",颇林,2021.9.12,80.3,47
"		99",颇林,2021.9.13,81,56
"		99",颇林,2021.9.14,76.6,47
"		99",颇林,2021.9.15,72.1,50
"		99",颇林,2021.9.16,76.8,48
"		99",颇林,2021.9.17,74.1,51
"		99",颇林,2021.9.18,78.1,48
"		99",颇林,2021.9.19,85,64
"		99",颇林,2021.9.20,70.8,48
"		99",颇林,2021.9.21,88.3,61
"		99",颇林,2021.9.22,82.5,56
"		99",颇林,2021.9.23,78.5,50
"		99",颇林,2021.9.24,83.3,55
"		99",颇林,2021.9.25,87.6,72
"		99",颇林,2021.9.26,81.3,52
"		99",颇林,2021.9.27,84.9,64
"		99",颇林,2021.9.28,90,70
"		99",颇林,2021.9.29,97.9,90
"		99",颇林,2021.9.30,93,66
"		99",颇林,2021.10.1,83.8,47
"		99",颇林,2021.10.2,85.8,49
"		99",颇林,2021.10.3,85,49
"		99",颇林,2021.10.4,95,80
"		99",颇林,2021.10.5,94.1,72
"		99",颇林,2021.10.6,98.3,93
"		99",颇林,2021.10.7,95.9,78
"		99",颇林,2021.10.8,98.3,91
"		99",颇林,2021.10.9,93,78
"		99",颇林,2021.10.10,96.5,82
"		99",颇林,2021.10.11,89.9,64
"		99",颇林,2021.10.12,80.1,55
"		99",颇林,2021.10.13,80.9,49
"		99",颇林,2021.10.14,82.9,57
"		99",颇林,2021.10.15,87.5,56
"		99",颇林,2021.10.16,52.1,29
"		99",颇林,2021.10.17,51.8,24
"		99",颇林,2021.10.18,84.8,51
"		99",颇林,2021.10.19,82.5,41
"		99",颇林,2021.10.20,76.6,34
"		99",颇林,2021.10.21,78.3,28
"		99",颇林,2021.10.22,74.1,28
"		99",颇林,2021.10.23,74.5,29
"		99",颇林,2021.10.24,77.8,32
"		99",颇林,2021.10.25,82.1,42
"		99",颇林,2021.10.26,86.8,53
"		99",颇林,2021.10.27,70.1,30
"		99",颇林,2021.10.28,73,28
"		99",颇林,2021.10.29,70.8,40
"		99",颇林,2021.10.30,79.4,47
"		99",颇林,2021.10.31,86.8,43
"		99",颇林,2021.11.1,91.6,61
"		99",颇林,2021.11.2,88.9,51
"		99",颇林,2021.11.3,86.5,45
"		99",颇林,2021.11.4,89.1,58
"		99",颇林,2021.11.5,84.6,38
"		99",颇林,2021.11.6,77.6,41
"		99",颇林,2021.11.7,69.4,40
"		99",颇林,2021.11.8,74.3,56
"		99",颇林,2021.11.9,78.9,61
"		99",颇林,2021.11.10,77.9,53
"		99",颇林,2021.11.11,69.1,48
"		99",颇林,2021.11.12,68.6,40
"		99",颇林,2021.11.13,79.3,49
"		99",颇林,2021.11.14,81.9,38
"		99",颇林,2021.11.15,84.5,45
"		99",颇林,2021.11.16,79.1,36
"		99",颇林,2021.11.17,77.6,38
"		99",颇林,2021.11.18,83.8,72
"		99",颇林,2021.11.19,88.1,61
"		99",颇林,2021.11.20,88.3,49
"		99",颇林,2021.11.21,84.6,60
"		99",颇林,2021.11.22,64.9,50
"		99",颇林,2021.11.23,66.4,47
"		99",颇林,2021.11.24,80.5,50
"		99",颇林,2021.11.25,66,30
"		99",颇林,2021.11.26,72.5,43
"		99",颇林,2021.11.27,73.1,31
"		99",颇林,2021.11.28,69.1,35
"		99",颇林,2021.11.29,75.3,52
"		99",颇林,2021.11.30,85.3,62
"		99",颇林,2021.12.1,57.5,39
"		99",颇林,2021.12.2,81.4,56
"		99",颇林,2021.12.3,55.4,29
"		99",颇林,2021.12.4,63.6,31
"		99",颇林,2021.12.5,62.3,29
"		99",颇林,2021.12.6,71.8,44
"		99",颇林,2021.12.7,77.5,51
"		99",颇林,2021.12.8,82.1,40
"		99",颇林,2021.12.9,81.9,65
"		99",颇林,2021.12.10,92.1,77
"		99",颇林,2021.12.11,96,74
"		99",颇林,2021.12.12,70.5,33
"		99",颇林,2021.12.13,59.5,28
"		99",颇林,2021.12.14,75.8,52
"		99",颇林,2021.12.15,92,64
"		99",颇林,2021.12.16,85.1,61
"		99",颇林,2021.12.17,52.9,30
"		99",颇林,2021.12.18,75.1,34
"		99",颇林,2021.12.19,76.1,40
"		99",颇林,2021.12.20,85.5,60
"		99",颇林,2021.12.21,73.6,28
"		99",颇林,2021.12.22,66.5,34
"		99",颇林,2021.12.23,70.8,34
"		99",颇林,2021.12.24,73,49
"		99",颇林,2021.12.25,48.6,31
"		99",颇林,2021.12.26,54.6,34
"		99",颇林,2021.12.27,73.9,45
"		99",颇林,2021.12.28,75.9,53
"		99",颇林,2021.12.29,71.9,50
"		99",颇林,2021.12.30,50.3,33
"		99",颇林,2021.12.31,40.4,25
"		99",颇林,2022.1.1,62.5,35
"		99",颇林,2022.1.2,70.1,43
"		99",颇林,2022.1.3,71.1,35
"		99",颇林,2022.1.4,60.3,26
"		99",颇林,2022.1.5,57.5,34
"		99",颇林,2022.1.6,61.9,29
"		99",颇林,2022.1.7,62.3,30
"		99",颇林,2022.1.8,76.4,53
"		99",颇林,2022.1.9,81.4,50
"		99",颇林,2022.1.10,76.8,45
"		99",颇林,2022.1.11,60.1,41
"		99",颇林,2022.1.12,61.3,35
"		99",颇林,2022.1.13,58.5,35
"		99",颇林,2022.1.14,60.5,30
"		99",颇林,2022.1.15,62.9,49
"		99",颇林,2022.1.16,56.5,29
"		99",颇林,2022.1.17,65,37
"		99",颇林,2022.1.18,63.9,26
"		99",颇林,2022.1.19,81.1,61
"		99",颇林,2022.1.20,70.9,37
"		99",颇林,2022.1.21,68.8,35
"		99",颇林,2022.1.22,62.3,32
"		99",颇林,2022.1.23,58,44
"		99",颇林,2022.1.24,64.9,46
"		99",颇林,2022.1.25,78.3,61
"		99",颇林,2022.1.26,66.4,29
"		99",颇林,2022.1.27,61.8,31
"		99",颇林,2022.1.28,61.9,31
"		99",颇林,2022.1.29,58.9,26
"		99",颇林,2022.1.30,57.9,23
"		99",颇林,2022.1.31,70.9,40
"		99",颇林,2022.2.1,83.1,61
"		99",颇林,2022.2.2,68.1,36
"		99",颇林,2022.2.3,62.4,33
"		99",颇林,2022.2.4,60.6,35
"		99",颇林,2022.2.5,53.6,30
"		99",颇林,2022.2.6,59.3,27
"		99",颇林,2022.2.7,60.8,32
"		99",颇林,2022.2.8,64.8,27
"		99",颇林,2022.2.9,63.9,32
"		99",颇林,2022.2.10,69.5,34
"		99",颇林,2022.2.11,70.6,34
"		99",颇林,2022.2.12,62.5,20
"		99",颇林,2022.2.13,53.9,27
"		99",颇林,2022.2.14,78.4,49
"		99",颇林,2022.2.15,61.8,34
"		99",颇林,2022.2.16,53.1,29
"		99",颇林,2022.2.17,50.4,29
"		99",颇林,2022.2.18,52.4,20
"		99",颇林,2022.2.19,58.8,38
"		99",颇林,2022.2.20,40.9,22
"		99",颇林,2022.2.21,63.6,35
"		99",颇林,2022.2.22,50.4,32
"		99",颇林,2022.2.23,45.6,22
"		99",颇林,2022.2.24,63.3,33
"		99",颇林,2022.2.25,80.8,58
"		99",颇林,2022.2.26,82.8,72
"		99",颇林,2022.2.27,68.3,35
"		99",颇林,2022.2.28,74.3,41
"		99",颇林,2022.3.1,72.9,46
"		99",颇林,2022.3.2,67.8,33
"		99",颇林,2022.3.3,61.5,21
"		99",颇林,2022.3.4,73.6,48
"		99",颇林,2022.3.5,36.8,20
"		99",颇林,2022.3.6,40.5,18
"		99",颇林,2022.3.7,55.9,26
"		99",颇林,2022.3.8,66.5,48
"		99",颇林,2022.3.9,81.8,41
"		99",颇林,2022.3.10,67.6,23
"		99",颇林,2022.3.11,75,42
"		99",颇林,2022.3.12,82.8,46
"		99",颇林,2022.3.13,96.8,85
"		99",颇林,2022.3.14,90.4,76
"		99",颇林,2022.3.15,81.9,51
"		99",颇林,2022.3.16,74.9,42
"		99",颇林,2022.3.17,62.1,39
"		99",颇林,2022.3.18,64.3,51
"		99",颇林,2022.3.19,86.8,69
"		99",颇林,2022.3.20,70.6,41
"		99",颇林,2022.3.21,61.4,26
"		99",颇林,2022.3.22,61,23
"		99",颇林,2022.3.23,62.9,36
"		99",颇林,2022.3.24,76.5,62
"		99",颇林,2022.3.25,78.3,49
"		99",颇林,2022.3.26,79.4,45
"		99",颇林,2022.3.27,57.6,25
"		99",颇林,2022.3.28,55.4,15
"		99",颇林,2022.3.29,70.8,42
"		99",颇林,2022.3.30,88.8,58
"		99",颇林,2022.3.31,70.5,44
"		99",颇林,2022.4.1,63.1,25
"		99",颇林,2022.4.2,63.8,29
"		99",颇林,2022.4.3,67.4,27
"		99",颇林,2022.4.4,65.3,28
"		99",颇林,2022.4.5,57.6,25
"		99",颇林,2022.4.6,59,23
"		99",颇林,2022.4.7,54.6,30
"		99",颇林,2022.4.8,65,33
"		99",颇林,2022.4.9,60,37
"		99",颇林,2022.4.10,62.5,28
"		99",颇林,2022.4.11,72.3,45
"		99",颇林,2022.4.12,89.3,62
"		99",颇林,2022.4.13,64,44
"		99",颇林,2022.4.14,49.1,39
"		99",颇林,2022.4.15,54.8,27
"		99",颇林,2022.4.16,56.9,22
"		99",颇林,2022.4.17,63.9,26
"		99",颇林,2022.4.18,59.1,22
"		99",颇林,2022.4.19,67.3,30
"		99",颇林,2022.4.20,66.3,30
"		99",颇林,2022.4.21,64.3,21
"		99",颇林,2022.4.22,83.8,67
"		99",颇林,2022.4.23,69.9,29
"		99",颇林,2022.4.24,84.9,59
"		99",颇林,2022.4.25,89,67
"		99",颇林,2022.4.26,59.1,33
"		99",颇林,2022.4.27,38.8,20
"		99",颇林,2022.4.28,53.9,26
"		99",颇林,2022.4.29,78,49
"		99",颇林,2022.4.30,77,57
"		99",颇林,2022.5.1,67.9,26
"		99",颇林,2022.5.2,66.3,26
"		99",颇林,2022.5.3,59,26
"		99",颇林,2022.5.4,63.8,34
"		99",颇林,2022.5.5,70,29
"		99",颇林,2022.5.6,78.5,44
"		99",颇林,2022.5.7,56.3,21
"		99",颇林,2022.5.8,66.1,38
"		99",颇林,2022.5.9,68.8,24
"		99",颇林,2022.5.10,57.8,17
"		99",颇林,2022.5.11,64.4,38
"		99",颇林,2022.5.12,58.8,26
"		99",颇林,2022.5.13,54,27
"		99",颇林,2022.5.14,52.1,18
"		99",颇林,2022.5.15,54.1,23
"		99",颇林,2022.5.16,69.4,45
"		99",颇林,2022.5.17,75.4,46
"		99",颇林,2022.5.18,73.3,50
"		99",颇林,2022.5.19,70.1,44
"		99",颇林,2022.5.20,70.3,39
"		99",颇林,2022.5.21,80.3,58
"		99",颇林,2022.5.22,81.8,63
"		99",颇林,2022.5.23,80.4,52
"		99",颇林,2022.5.24,72.6,30
"		99",颇林,2022.5.25,84.1,46
"		99",颇林,2022.5.26,69.6,37
"		99",颇林,2022.5.27,72.8,49
"		99",颇林,2022.5.28,77.1,50
"		99",颇林,2022.5.29,81.6,62
"		99",颇林,2022.5.30,87.4,65
"		99",颇林,2022.5.31,62.5,25
"		99",颇林,2022.6.1,58.6,26
"		99",颇林,2022.6.2,80.1,56
"		99",颇林,2022.6.3,75,44
"		99",颇林,2022.6.4,69.8,52
"		99",颇林,2022.6.5,74,49
"		99",颇林,2022.6.6,76.9,54
"		99",颇林,2022.6.7,67.1,47
"		99",颇林,2022.6.8,71.8,48
"		99",颇林,2022.6.9,87.9,62
"		99",颇林,2022.6.10,93.8,68
"		99",颇林,2022.6.11,73.6,44
"		99",颇林,2022.6.12,71.1,44
"		99",颇林,2022.6.13,91.8,73
"		99",颇林,2022.6.14,66.9,45
"		99",颇林,2022.6.15,98,70
"		99",颇林,2022.6.16,84.8,62
"		99",颇林,2022.6.17,86.9,61
"		99",颇林,2022.6.18,90.9,78
"		99",颇林,2022.6.19,92.8,81
"		99",颇林,2022.6.20,86.5,61
"		99",颇林,2022.6.21,86.1,58
"		99",颇林,2022.6.22,85.1,63
"		99",颇林,2022.6.23,97.8,83
"		99",颇林,2022.6.24,91.5,74
"		99",颇林,2022.6.25,87,71
"		99",颇林,2022.6.26,90.1,85
"		99",颇林,2022.6.27,94.4,84
"		99",颇林,2022.6.28,88.6,83
"		99",颇林,2022.6.29,99.1,94
"		99",颇林,2022.6.30,99.8,98
"		99",颇林,2022.7.1,87.8,70
"		99",颇林,2022.7.2,87.3,61
"		99",颇林,2022.7.3,84.6,54
"		99",颇林,2022.7.4,85.3,62
"		99",颇林,2022.7.5,90,62
"		99",颇林,2022.7.6,90.3,66
"		99",颇林,2022.7.7,91.4,76
"		99",颇林,2022.7.8,96.6,86
"		99",颇林,2022.7.9,88.9,69
"		99",颇林,2022.7.10,84.5,62
"		99",颇林,2022.7.11,82.5,59
"		99",颇林,2022.7.12,88,75
"		99",颇林,2022.7.13,98.3,93
"		99",颇林,2022.7.14,89.1,66
"		99",颇林,2022.7.15,86.6,65
"		99",颇林,2022.7.16,92.8,71
"		99",颇林,2022.7.17,86.9,68
"		99",颇林,2022.7.18,84.4,58
"		99",颇林,2022.7.19,85.9,63
"		99",颇林,2022.7.20,88.3,70
"		99",颇林,2022.7.21,93,79
"		99",颇林,2022.7.22,90,71
"		99",颇林,2022.7.23,93.3,69
"		99",颇林,2022.7.24,96.3,86
"		99",颇林,2022.7.25,85.9,65
"		99",颇林,2022.7.26,89.6,63
"		99",颇林,2022.7.27,87.5,67
"		99",颇林,2022.7.28,80.9,51
"		99",颇林,2022.7.29,87.5,61
"		99",颇林,2022.7.30,88.1,60
"		99",颇林,2022.7.31,97.8,91
"		99",颇林,2022.8.1,92.6,77
"		99",颇林,2022.8.2,98.5,87
"		99",颇林,2022.8.3,94.6,79
"		99",颇林,2022.8.4,89,70
"		99",颇林,2022.8.5,87.9,70
"		99",颇林,2022.8.6,95.6,81
"		99",颇林,2022.8.7,92.6,80
"		99",颇林,2022.8.8,98.5,92
"		99",颇林,2022.8.9,99.3,95
"		99",颇林,2022.8.10,87,55
"		99",颇林,2022.8.11,91.8,75
"		99",颇林,2022.8.12,86.8,42
"		99",颇林,2022.8.13,98.3,91
"		99",颇林,2022.8.14,92.9,68
"		99",颇林,2022.8.15,91.5,83
"		99",颇林,2022.8.16,84.4,62
"		99",颇林,2022.8.17,90.3,67
"		99",颇林,2022.8.18,89.4,58
"		99",颇林,2022.8.19,96.1,79
"		99",颇林,2022.8.20,87.5,68
"		99",颇林,2022.8.21,87.8,61
"		99",颇林,2022.8.22,90,65
"		99",颇林,2022.8.23,82.4,54
"		99",颇林,2022.8.24,81.6,61
"		99",颇林,2022.8.25,88.9,68
"		99",颇林,2022.8.26,85.5,62
"		99",颇林,2022.8.27,71.8,44
"		99",颇林,2022.8.28,83.4,47
"		99",颇林,2022.8.29,90.3,71
"		99",颇林,2022.8.30,98.3,89
"		99",颇林,2022.8.31,88.3,64
"		99",颇林,2022.9.1,85,46
"		99",颇林,2022.9.2,77.8,48
"		99",颇林,2022.9.3,80.4,54
"		99",颇林,2022.9.4,94.1,82
"		99",颇林,2022.9.5,99.6,98
"		99",颇林,2022.9.6,80.6,41
"		99",颇林,2022.9.7,80.1,39
"		99",颇林,2022.9.8,84.6,51
"		99",颇林,2022.9.9,86.1,53
"		99",颇林,2022.9.10,78,46
"		99",颇林,2022.9.11,90.5,78
"		99",颇林,2022.9.12,91.5,58
"		99",颇林,2022.9.13,90.3,72
"		99",颇林,2022.9.14,76.4,58
"		99",颇林,2022.9.15,83.8,62
"		99",颇林,2022.9.16,90.5,65
"		99",颇林,2022.9.17,91,69
"		99",颇林,2022.9.18,86.5,57
"		99",颇林,2022.9.19,76.3,59
"		99",颇林,2022.9.20,72.9,47
"		99",颇林,2022.9.21,80.5,43
"		99",颇林,2022.9.22,80.6,51
"		99",颇林,2022.9.23,81.5,44
"		99",颇林,2022.9.24,78.5,34
"		99",颇林,2022.9.25,81.3,36
"		99",颇林,2022.9.26,82.3,45
"		99",颇林,2022.9.27,83.1,43
"		99",颇林,2022.9.28,88.5,57
"		99",颇林,2022.9.29,86.3,47
"		99",颇林,2022.9.30,85,43
"		99",颇林,2022.10.1,92.3,42
"		99",颇林,2022.10.2,93.1,62
"		99",颇林,2022.10.3,99.9,99
"		99",颇林,2022.10.4,87.4,70
"		99",颇林,2022.10.5,81.6,63
"		99",颇林,2022.10.6,83.8,64
"		99",颇林,2022.10.7,78.9,43
"		99",颇林,2022.10.8,80.8,42
"		99",颇林,2022.10.9,96.5,90
"		99",颇林,2022.10.10,79.8,65
"		99",颇林,2022.10.11,79,49
"		99",颇林,2022.10.12,85.8,47
"		99",颇林,2022.10.13,83.9,48
"		99",颇林,2022.10.14,86.4,50
"		99",颇林,2022.10.15,83.3,36
"		99",颇林,2022.10.16,94.8,75
"		99",颇林,2022.10.17,62.5,28
"		99",颇林,2022.10.18,70.9,32
"		99",颇林,2022.10.19,77.9,29
"		99",颇林,2022.10.20,81.3,43
"		99",颇林,2022.10.21,82.5,39
"		99",颇林,2022.10.22,87.9,59
"		99",颇林,2022.10.23,72.3,27
"		99",颇林,2022.10.24,63.6,27
"		99",颇林,2022.10.25,72.8,38
"		99",颇林,2022.10.26,77.6,37
"		99",颇林,2022.10.27,81.4,54
"		99",颇林,2022.10.28,81.9,47
"		99",颇林,2022.10.29,78.6,42
"		99",颇林,2022.10.30,78.6,44
"		99",颇林,2022.10.31,83.4,50
"		99",颇林,2022.11.1,80.6,35
"		99",颇林,2022.11.2,72.8,24
"		99",颇林,2022.11.3,67.9,46
"		99",颇林,2022.11.4,54,21
"		99",颇林,2022.11.5,66.5,28
"		99",颇林,2022.11.6,72.4,36
"		99",颇林,2022.11.7,78.5,49
"		99",颇林,2022.11.8,84.8,49
"		99",颇林,2022.11.9,92.5,67
"		99",颇林,2022.11.10,88.9,61
"		99",颇林,2022.11.11,75.8,38
"		99",颇林,2022.11.12,88.9,52
"		99",颇林,2022.11.13,88.3,72
"		99",颇林,2022.11.14,83,46
"		99",颇林,2022.11.15,89,63
"		99",颇林,2022.11.16,89.4,52
"		99",颇林,2022.11.17,85,49
"		99",颇林,2022.11.18,86.5,54
"		99",颇林,2022.11.19,73.5,37
"		99",颇林,2022.11.20,76.5,45
"		99",颇林,2022.11.21,89.1,68
"		99",颇林,2022.11.22,91.9,68
"		99",颇林,2022.11.23,72.6,38
"		99",颇林,2022.11.24,84,60
"		99",颇林,2022.11.25,77.3,51
"		99",颇林,2022.11.26,66,26
"		99",颇林,2022.11.27,61.4,33
"		99",颇林,2022.11.28,82.6,50
"		99",颇林,2022.11.29,70,42
"		99",颇林,2022.11.30,51.6,34
"		99",颇林,2022.12.1,59.1,35
"		99",颇林,2022.12.2,60.6,25
"		99",颇林,2022.12.3,76.5,45
"		99",颇林,2022.12.4,43.4,25
"		99",颇林,2022.12.5,60.4,27
"		99",颇林,2022.12.6,80,52
"		99",颇林,2022.12.7,73.9,41
"		99",颇林,2022.12.8,68.4,25
"		99",颇林,2022.12.9,74.4,46
"		99",颇林,2022.12.10,69.4,31
"		99",颇林,2022.12.11,72.1,36
"		99",颇林,2022.12.12,87,55
"		99",颇林,2022.12.13,78.9,51
"		99",颇林,2022.12.14,54.8,41
"		99",颇林,2022.12.15,85.1,74
"		99",颇林,2022.12.16,65.3,39
"		99",颇林,2022.12.17,61.8,34
"		99",颇林,2022.12.18,59.6,36
"		99",颇林,2022.12.19,66.5,37
"		99",颇林,2022.12.20,66.4,42
"		99",颇林,2022.12.21,85.6,66
"		99",颇林,2022.12.22,62.6,49
"		99",颇林,2022.12.23,60.8,51
"		99",颇林,2022.12.24,70.3,43
"		99",颇林,2022.12.25,76.6,49
"		99",颇林,2022.12.26,78.5,54
"		99",颇林,2022.12.27,77,48
"		99",颇林,2022.12.28,67.6,35
"		99",颇林,2022.12.29,65.9,35
"		99",颇林,2022.12.30,71.9,39
"		99",颇林,2022.12.31,80.1,60
"		99",颇林,2023.1.1,64.1,30
"		99",颇林,2023.1.2,60.3,30
"		99",颇林,2023.1.3,63.3,30
"		99",颇林,2023.1.4,64.1,29
"		99",颇林,2023.1.5,65.3,28
"		99",颇林,2023.1.6,78.6,52
"		99",颇林,2023.1.7,87.1,70
"		99",颇林,2023.1.8,79.9,55
"		99",颇林,2023.1.9,67.9,41
"		99",颇林,2023.1.10,72,42
"		99",颇林,2023.1.11,73.4,25
"		99",颇林,2023.1.12,58.8,26
"		99",颇林,2023.1.13,99.1,51
"		99",颇林,2023.1.14,97.9,86
"		99",颇林,2023.1.15,96.6,90
"		99",颇林,2023.1.16,74.1,48
"		99",颇林,2023.1.17,85.9,61
"		99",颇林,2023.1.18,75.1,39
"		99",颇林,2023.1.19,83.8,57
"		99",颇林,2023.1.20,61.4,38
"		99",颇林,2023.1.21,70.3,34
"		99",颇林,2023.1.22,82.3,67
"		99",颇林,2023.1.23,78.1,50
"		99",颇林,2023.1.24,55,38
"		99",颇林,2023.1.25,61.1,33
"		99",颇林,2023.1.26,78.3,70
"		99",颇林,2023.1.27,57.8,32
"		99",颇林,2023.1.28,61.4,40
"		99",颇林,2023.1.29,70.1,52
"		99",颇林,2023.1.30,67.8,35
"		99",颇林,2023.1.31,81.3,56
"		99",颇林,2023.2.1,70.8,41
"		99",颇林,2023.2.2,58.6,35
"		99",颇林,2023.2.3,58.5,30
"		99",颇林,2023.2.4,69.3,31
"		99",颇林,2023.2.5,81.1,55
"		99",颇林,2023.2.6,84.3,58
"		99",颇林,2023.2.7,82.4,49
"		99",颇林,2023.2.8,64.9,29
"		99",颇林,2023.2.9,54.6,29
"		99",颇林,2023.2.10,83.3,57
"		99",颇林,2023.2.11,84.1,57
"		99",颇林,2023.2.12,79.5,61
"		99",颇林,2023.2.13,72,54
"		99",颇林,2023.2.14,59.4,30
"		99",颇林,2023.2.15,55.9,36
"		99",颇林,2023.2.16,71.8,54
"		99",颇林,2023.2.17,81,51
"		99",颇林,2023.2.18,73.4,57
"		99",颇林,2023.2.19,62.6,27
"		99",颇林,2023.2.20,53,29
"		99",颇林,2023.2.21,54.3,28
"		99",颇林,2023.2.22,68.9,34
"		99",颇林,2023.2.23,77.4,39
"		99",颇林,2023.2.24,62.6,22
"		99",颇林,2023.2.25,52.4,25
"		99",颇林,2023.2.26,58.9,29
"		99",颇林,2023.2.27,64.9,22
"		99",颇林,2023.2.28,73.9,62
"		99",颇林,2023.3.1,57,26
"		99",颇林,2023.3.2,35.1,22
"		99",颇林,2023.3.3,76,53
"		99",颇林,2023.3.4,78.6,48
"		99",颇林,2023.3.5,64,22
"		99",颇林,2023.3.6,61.5,22
"		99",颇林,2023.3.7,76,53
"		99",颇林,2023.3.8,90,65
"		99",颇林,2023.3.9,95.3,83
"		99",颇林,2023.3.10,80,36
"		99",颇林,2023.3.11,72.6,33
"		99",颇林,2023.3.12,73,38
"		99",颇林,2023.3.13,46,24
"		99",颇林,2023.3.14,61.4,33
"		99",颇林,2023.3.15,71.8,38
"		99",颇林,2023.3.16,44.3,20
"		99",颇林,2023.3.17,42.5,15
"		99",颇林,2023.3.18,50.6,23
"		99",颇林,2023.3.19,69.5,33
"		99",颇林,2023.3.20,65.9,22
"		99",颇林,2023.3.21,52.1,20
"		99",颇林,2023.3.22,57.1,28
"		99",颇林,2023.3.23,55.4,32
"		99",颇林,2023.3.24,38.1,27
"		99",颇林,2023.3.25,68.8,43
"		99",颇林,2023.3.26,37.5,14
"		99",颇林,2023.3.27,55.1,22
"		99",颇林,2023.3.28,66.3,24
"		99",颇林,2023.3.29,64.8,23
"		99",颇林,2023.3.30,57.3,21
"		99",颇林,2023.3.31,55.6,27
"		99",颇林,2023.4.1,55.1,21
"		99",颇林,2023.4.2,42.4,15
"		99",颇林,2023.4.3,44.9,16
"		99",颇林,2023.4.4,53.4,17
"		99",颇林,2023.4.5,98.3,90
"		99",颇林,2023.4.6,96.8,91
"		99",颇林,2023.4.7,67.4,31
"		99",颇林,2023.4.8,60.1,32
"		99",颇林,2023.4.9,70.1,40
"		99",颇林,2023.4.10,63.6,36
"		99",颇林,2023.4.11,75.8,38
"		99",颇林,2023.4.12,56,21
"		99",颇林,2023.4.13,52.3,19
"		99",颇林,2023.4.14,70.9,50
"		99",颇林,2023.4.15,90.1,67
"		99",颇林,2023.4.16,77.1,41
"		99",颇林,2023.4.17,68.6,40
"		99",颇林,2023.4.18,86.9,61
"		99",颇林,2023.4.19,73.5,30
"		99",颇林,2023.4.20,95.5,84
"		99",颇林,2023.4.21,40.8,16
"		99",颇林,2023.4.22,29.1,13
"		99",颇林,2023.4.23,43.9,14
"		99",颇林,2023.4.24,50.9,29
"		99",颇林,2023.4.25,86.8,61
"		99",颇林,2023.4.26,74.9,45
"		99",颇林,2023.4.27,74.6,38
"		99",颇林,2023.4.28,70.9,34
"		99",颇林,2023.4.29,90.6,65
"		99",颇林,2023.4.30,79.1,42
"		99",颇林,2023.5.1,67.8,31
"		99",颇林,2023.5.2,61,20
"		99",颇林,2023.5.3,69.4,29
"		99",颇林,2023.5.4,78,52
"		99",颇林,2023.5.5,98.6,69
"		99",颇林,2023.5.6,84,60
"		99",颇林,2023.5.7,59.5,35
"		99",颇林,2023.5.8,69.6,37
"		99",颇林,2023.5.9,72.3,42
"		99",颇林,2023.5.10,70.9,32
"		99",颇林,2023.5.11,68.1,32
"		99",颇林,2023.5.12,74.3,31
"		99",颇林,2023.5.13,80.8,36
"		99",颇林,2023.5.14,78.9,43
"		99",颇林,2023.5.15,73.5,36
"		99",颇林,2023.5.16,72.5,45
"		99",颇林,2023.5.17,77.9,42
"		99",颇林,2023.5.18,83.6,55
"		99",颇林,2023.5.19,74,48
"		99",颇林,2023.5.20,78.4,57
"		99",颇林,2023.5.21,80,46
"		99",颇林,2023.5.22,64.6,34
"		99",颇林,2023.5.23,66.5,31
"		99",颇林,2023.5.24,72.3,41
"		99",颇林,2023.5.25,66.6,33
"		99",颇林,2023.5.26,69.5,44
"		99",颇林,2023.5.27,97.1,86
"		99",颇林,2023.5.28,99.9,98
"		99",颇林,2023.5.29,84.3,50
"		99",颇林,2023.5.30,76.3,53
"		99",颇林,2023.5.31,75.3,50
"		99",颇林,2023.6.1,81,56
"		99",颇林,2023.6.2,88.5,60
"		99",颇林,2023.6.3,70.5,34
"		99",颇林,2023.6.4,72,37
"		99",颇林,2023.6.5,77.1,54
"		99",颇林,2023.6.6,82.5,59
"		99",颇林,2023.6.7,84.5,70
"		99",颇林,2023.6.8,90.8,78
"		99",颇林,2023.6.9,83.8,49
"		99",颇林,2023.6.10,87.1,61
"		99",颇林,2023.6.11,83,54
"		99",颇林,2023.6.12,87.4,55
"		99",颇林,2023.6.13,84.3,61
"		99",颇林,2023.6.14,83.9,47
"		99",颇林,2023.6.15,81.5,56
"		99",颇林,2023.6.16,77.8,47
"		99",颇林,2023.6.17,76.4,44
"		99",颇林,2023.6.18,77.3,52
"		99",颇林,2023.6.19,77.6,54
"		99",颇林,2023.6.20,88.3,69
"		99",颇林,2023.6.21,96.4,83
"		99",颇林,2023.6.22,86.1,63
"		99",颇林,2023.6.23,87.3,59
"		99",颇林,2023.6.24,83.8,60
"		99",颇林,2023.6.25,83,58
"		99",颇林,2023.6.26,95.4,73
"		99",颇林,2023.6.27,87.1,68
"		99",颇林,2023.6.28,90.5,71
"		99",颇林,2023.6.29,99.4,96
"		99",颇林,2023.6.30,92.8,72
"		99",颇林,2023.7.1,89.1,66
"		99",颇林,2023.7.2,91.5,73
"		99",颇林,2023.7.3,86.8,59
"		99",颇林,2023.7.4,96.5,82
"		99",颇林,2023.7.5,88.8,71
"		99",颇林,2023.7.6,85.3,67
"		99",颇林,2023.7.7,77.9,42
"		99",颇林,2023.7.8,87.3,66
"		99",颇林,2023.7.9,90.1,71
"		99",颇林,2023.7.10,84.5,64
"		99",颇林,2023.7.11,98.3,91
"		99",颇林,2023.7.12,93.5,77
"		99",颇林,2023.7.13,99.5,96
"		99",颇林,2023.7.14,99.5,94
"		99",颇林,2023.7.15,98,90
"		99",颇林,2023.7.16,95.6,87
"		99",颇林,2023.7.17,97,85
"		99",颇林,2023.7.18,93.1,77
"		99",颇林,2023.7.19,88.6,66
"		99",颇林,2023.7.20,87.4,62
"		99",颇林,2023.7.21,84.1,58
"		99",颇林,2023.7.22,83.8,55
"		99",颇林,2023.7.23,99.3,93
"		99",颇林,2023.7.24,91.8,72
"		99",颇林,2023.7.25,92.6,77
"		99",颇林,2023.7.26,94.5,78
"		99",颇林,2023.7.27,87.8,66
"		99",颇林,2023.7.28,85.8,62
"		99",颇林,2023.7.29,85.8,72
"		99",颇林,2023.7.30,84.8,55
"		99",颇林,2023.7.31,88.1,66
"		99",颇林,2023.8.1,88.1,57
"		99",颇林,2023.8.2,87.1,64
"		99",颇林,2023.8.3,85.6,65
"		99",颇林,2023.8.4,86,61
"		99",颇林,2023.8.5,87.5,64
"		99",颇林,2023.8.6,88.6,67
"		99",颇林,2023.8.7,81.5,68
"		99",颇林,2023.8.8,78.3,62
"		99",颇林,2023.8.9,82.1,69
"		99",颇林,2023.8.10,96.8,82
"		99",颇林,2023.8.11,98.6,88
"		99",颇林,2023.8.12,97.3,87
"		99",颇林,2023.8.13,90.8,64
"		99",颇林,2023.8.14,87.6,60
"		99",颇林,2023.8.15,86.8,67
"		99",颇林,2023.8.16,85.3,66
"		99",颇林,2023.8.17,85,58
"		99",颇林,2023.8.18,86.3,62
"		99",颇林,2023.8.19,84.9,60
"		99",颇林,2023.8.20,90.8,67
"		99",颇林,2023.8.21,85.9,65
"		99",颇林,2023.8.22,91.9,80
"		99",颇林,2023.8.23,99.5,97
"		99",颇林,2023.8.24,94.9,82
"		99",颇林,2023.8.25,88.4,69
"		99",颇林,2023.8.26,89.1,56
"		99",颇林,2023.8.27,91.9,79
"		99",颇林,2023.8.28,96.9,86
"		99",颇林,2023.8.29,97.8,86
"		99",颇林,2023.8.30,94.1,72
"		99",颇林,2023.8.31,87.9,57
"		99",颇林,2023.9.1,85.5,53
"		99",颇林,2023.9.2,87.3,56
"		99",颇林,2023.9.3,90.9,73
"		99",颇林,2023.9.4,94.6,76
"		99",颇林,2023.9.5,85.1,57
"		99",颇林,2023.9.6,82.5,59
"		99",颇林,2023.9.7,82,51
"		99",颇林,2023.9.8,80.4,50
"		99",颇林,2023.9.9,84.1,52
"		99",颇林,2023.9.10,87.6,59
"		99",颇林,2023.9.11,83.5,50
"		99",颇林,2023.9.12,87.4,57
"		99",颇林,2023.9.13,98.3,89
"		99",颇林,2023.9.14,83.9,62
"		99",颇林,2023.9.15,93,82
"		99",颇林,2023.9.16,95.1,75
"		99",颇林,2023.9.17,91.6,68
"		99",颇林,2023.9.18,88.5,62
"		99",颇林,2023.9.19,91.6,69
"		99",颇林,2023.9.20,96.3,79
"		99",颇林,2023.9.21,85.3,58
"		99",颇林,2023.9.22,83.9,39
"		99",颇林,2023.9.23,82,49
"		99",颇林,2023.9.24,77.4,40
"		99",颇林,2023.9.25,88.1,54
"		99",颇林,2023.9.26,99,93
"		99",颇林,2023.9.27,94.8,78
"		99",颇林,2023.9.28,90.3,60
"		99",颇林,2023.9.29,84.4,37
"		99",颇林,2023.9.30,88.3,73
"		99",颇林,2023.10.1,71.5,35
"		99",颇林,2023.10.2,81.6,31
"		99",颇林,2023.10.3,85.4,50
"		99",颇林,2023.10.4,90.3,59
"		99",颇林,2023.10.5,57.5,35
"		99",颇林,2023.10.6,79.1,43
"		99",颇林,2023.10.7,82,42
"		99",颇林,2023.10.8,84.6,59
"		99",颇林,2023.10.9,82.4,57
"		99",颇林,2023.10.10,89,51
"		99",颇林,2023.10.11,82.3,37
"		99",颇林,2023.10.12,80.4,42
"		99",颇林,2023.10.13,87.5,57
"		99",颇林,2023.10.14,96.5,64
"		99",颇林,2023.10.15,92.9,62
"		99",颇林,2023.10.16,77.3,45
"		99",颇林,2023.10.17,80,35
"		99",颇林,2023.10.18,84,54
"		99",颇林,2023.10.19,87.5,62
"		99",颇林,2023.10.20,58.6,32
"		99",颇林,2023.10.21,71.9,26
"		99",颇林,2023.10.22,84.3,48
"		99",颇林,2023.10.23,85.8,48
"		99",颇林,2023.10.24,89.6,61
"		99",颇林,2023.10.25,90.1,59
"		99",颇林,2023.10.26,94,70
"		99",颇林,2023.10.27,82.8,51
"		99",颇林,2023.10.28,82.4,40
"		99",颇林,2023.10.29,80.4,40
"		99",颇林,2023.10.30,89.5,60
"		99",颇林,2023.10.31,87.8,65
"		99",颇林,2023.11.1,90.8,82
"		99",颇林,2023.11.2,81.3,57
"		99",颇林,2023.11.3,90.6,78
"		99",颇林,2023.11.4,78.4,57
"		99",颇林,2023.11.5,91.9,79
"		99",颇林,2023.11.6,82,66
"		99",颇林,2023.11.7,73,48
"		99",颇林,2023.11.8,72.4,25
"		99",颇林,2023.11.9,86.6,63
"		99",颇林,2023.11.10,62.3,34
"		99",颇林,2023.11.11,61.1,29
"		99",颇林,2023.11.12,67.9,40
"		99",颇林,2023.11.13,69,35
"		99",颇林,2023.11.14,79.9,49
"		99",颇林,2023.11.15,82.5,52
"		99",颇林,2023.11.16,95.8,86
"		99",颇林,2023.11.17,68.1,49
"		99",颇林,2023.11.18,63.9,49
"		99",颇林,2023.11.19,77.8,57
"		99",颇林,2023.11.20,76.1,39
"		99",颇林,2023.11.21,78,36
"		99",颇林,2023.11.22,78.9,61
"		99",颇林,2023.11.23,75.5,50
"		99",颇林,2023.11.24,57.3,33
"		99",颇林,2023.11.25,64.1,31
"		99",颇林,2023.11.26,57.5,41
"		99",颇林,2023.11.27,89.6,61
"		99",颇林,2023.11.28,62.8,42
"		99",颇林,2023.11.29,73.3,52
"		99",颇林,2023.11.30,56.1,37
"		99",颇林,2023.12.1,69,36
"		99",颇林,2023.12.2,72.4,50
"		99",颇林,2023.12.3,71.6,40
"		99",颇林,2023.12.4,72.6,44
"		99",颇林,2023.12.5,70.4,50
"		99",颇林,2023.12.6,85.8,73
"		99",颇林,2023.12.7,72.4,52
"		99",颇林,2023.12.8,82.6,61
"		99",颇林,2023.12.9,80,54
"		99",颇林,2023.12.10,61.4,46
"		99",颇林,2023.12.11,92.1,74
"		99",颇林,2023.12.12,78.6,61
"		99",颇林,2023.12.13,81.8,64
"		99",颇林,2023.12.14,94.4,79
"		99",颇林,2023.12.15,95.9,86
"		99",颇林,2023.12.16,71.9,47
"		99",颇林,2023.12.17,58.6,39
"		99",颇林,2023.12.18,60.8,38
"		99",颇林,2023.12.19,69.8,45
"		99",颇林,2023.12.20,69.6,49
"		99",颇林,2023.12.21,59.9,42
"		99",颇林,2023.12.22,58.5,38
"		99",颇林,2023.12.23,68.6,42
"		99",颇林,2023.12.24,73.6,56
"		99",颇林,2023.12.25,86.6,56
"		99",颇林,2023.12.26,81.6,52
"		99",颇林,2023.12.27,79.6,44
"		99",颇林,2023.12.28,80.6,57
"		99",颇林,2023.12.29,78.9,63
"		99",颇林,2023.12.30,95.6,86
"		99",颇林,2023.12.31,92.9,69
"		99",颇林,2024.1.1,91,72
"		99",颇林,2024.1.2,83.3,60
"		99",颇林,2024.1.3,86.6,70
"		99",颇林,2024.1.4,83,65
"		99",颇林,2024.1.5,83.6,60
"		99",颇林,2024.1.6,81.9,38
"		99",颇林,2024.1.7,59.5,31
"		99",颇林,2024.1.8,71.1,29
"		99",颇林,2024.1.9,89.4,70
"		99",颇林,2024.1.10,89.6,59
"		99",颇林,2024.1.11,88.1,70
"		99",颇林,2024.1.12,68.5,35
"		99",颇林,2024.1.13,64,31
"		99",颇林,2024.1.14,88.6,77
"		99",颇林,2024.1.15,67.8,35
"		99",颇林,2024.1.16,68.6,33
"		99",颇林,2024.1.17,84.5,62
"		99",颇林,2024.1.18,83.4,61
"		99",颇林,2024.1.19,71,56
"		99",颇林,2024.1.20,74.5,62
"		99",颇林,2024.1.21,76.9,67
"		99",颇林,2024.1.22,65.1,54
"		99",颇林,2024.1.23,52.4,41
"		99",颇林,2024.1.24,52.8,38
"		99",颇林,2024.1.25,58,31
"		99",颇林,2024.1.26,73.6,40
"		99",颇林,2024.1.27,79.5,45
"		99",颇林,2024.1.28,75.4,47
"		99",颇林,2024.1.29,76.9,43
"		99",颇林,2024.1.30,68.3,31
"		99",颇林,2024.1.31,65.9,29
"		99",颇林,2024.2.1,69.1,45
"		99",颇林,2024.2.2,71.1,46
"		99",颇林,2024.2.3,69.4,52
"		99",颇林,2024.2.4,68.3,49
"		99",颇林,2024.2.5,79.4,62
"		99",颇林,2024.2.6,84,70
"		99",颇林,2024.2.7,81.9,57
"		99",颇林,2024.2.8,76.6,43
"		99",颇林,2024.2.9,77.3,50
"		99",颇林,2024.2.10,79.6,44
"		99",颇林,2024.2.11,80.1,54
"		99",颇林,2024.2.12,76,33
"		99",颇林,2024.2.13,81.4,62
"		99",颇林,2024.2.14,87.1,68
"		99",颇林,2024.2.15,93.3,73
"		99",颇林,2024.2.16,85.9,48
"		99",颇林,2024.2.17,84.5,60
"		99",颇林,2024.2.18,91.1,73
"		99",颇林,2024.2.19,99.5,90
"		99",颇林,2024.2.20,86.6,78
"		99",颇林,2024.2.21,95,85
"		99",颇林,2024.2.22,83.9,68
"		99",颇林,2024.2.23,70.8,49
"		99",颇林,2024.2.24,74.3,47
"		99",颇林,2024.2.25,86.4,58
"		99",颇林,2024.2.26,72.5,44
"		99",颇林,2024.2.27,62.8,36
"		99",颇林,2024.2.28,72.9,52
"		99",颇林,2024.2.29,69,41
"		99",颇林,2024.3.1,43.1,25
"		99",颇林,2024.3.2,65.1,48
"		99",颇林,2024.3.3,68.4,25
"		99",颇林,2024.3.4,59.6,19
"		99",颇林,2024.3.5,53.1,32
"		99",颇林,2024.3.6,64.1,42
"		99",颇林,2024.3.7,67.6,47
"		99",颇林,2024.3.8,54.4,28
"		99",颇林,2024.3.9,61.6,27
"		99",颇林,2024.3.10,70,31
"		99",颇林,2024.3.11,74.9,27
"		99",颇林,2024.3.12,79.6,51
"		99",颇林,2024.3.13,68.9,29
"		99",颇林,2024.3.14,66.6,24
"		99",颇林,2024.3.15,82.5,52
"		99",颇林,2024.3.16,70.3,32
"		99",颇林,2024.3.17,50.9,24
"		99",颇林,2024.3.18,40.9,15
"		99",颇林,2024.3.19,65,49
"		99",颇林,2024.3.20,53.5,30
"		99",颇林,2024.3.21,56.1,30
"		99",颇林,2024.3.22,,31
"		99",颇林,2024.3.23,,
"		99",颇林,2024.3.24,,
"		99",颇林,2024.3.25,,73
"		99",颇林,2024.3.26,84.8,54
"		99",颇林,2024.3.27,83,56
"		99",颇林,2024.3.28,89.1,74
"		99",颇林,2024.3.29,77.8,43
"		99",颇林,2024.3.30,65.6,29
"		99",颇林,2024.3.31,55.4,19
"		99",颇林,2024.4.1,51.1,24
"		99",颇林,2024.4.2,55.5,21
"		99",颇林,2024.4.3,50.5,33
"		99",颇林,2024.4.4,53.1,38
"		99",颇林,2024.4.5,60.9,46
"		99",颇林,2024.4.6,62.5,28
"		99",颇林,2024.4.7,49.4,25
"		99",颇林,2024.4.8,61.6,27
"		99",颇林,2024.4.9,42,25
"		99",颇林,2024.4.10,72.3,49
"		99",颇林,2024.4.11,81.1,55
"		99",颇林,2024.4.12,74.8,42
"		99",颇林,2024.4.13,71.6,30
"		99",颇林,2024.4.14,64.1,30
"		99",颇林,2024.4.15,89.8,52
"		99",颇林,2024.4.16,92.9,71
"		99",颇林,2024.4.17,80.9,49
"		99",颇林,2024.4.18,67,32
"		99",颇林,2024.4.19,69,45
"		99",颇林,2024.4.20,86.5,61
"		99",颇林,2024.4.21,70.3,54
"		99",颇林,2024.4.22,61.1,43
"		99",颇林,2024.4.23,68,41
"		99",颇林,2024.4.24,86.5,60
"		99",颇林,2024.4.25,86.8,59
"		99",颇林,2024.4.26,73.6,30
"		99",颇林,2024.4.27,72.9,42
"		99",颇林,2024.4.28,66.9,29
"		99",颇林,2024.4.29,60.5,38
"		99",颇林,2024.4.30,72.3,47
"		99",颇林,2024.5.1,62,31
"		99",颇林,2024.5.2,67.4,29
"		99",颇林,2024.5.3,66.4,32
"		99",颇林,2024.5.4,63.1,31
"		99",颇林,2024.5.5,95.9,63
"		99",颇林,2024.5.6,99.3,94
"		99",颇林,2024.5.7,83.9,62
"		99",颇林,2024.5.8,76,43
"		99",颇林,2024.5.9,77.8,46
"		99",颇林,2024.5.10,71.3,35
"		99",颇林,2024.5.11,91.5,71
"		99",颇林,2024.5.12,72.3,37
"		99",颇林,2024.5.13,71.4,33
"		99",颇林,2024.5.14,66,31
"		99",颇林,2024.5.15,91.8,74
"		99",颇林,2024.5.16,72.5,41
"		99",颇林,2024.5.17,79.5,52
"		99",颇林,2024.5.18,80.1,54
"		99",颇林,2024.5.19,79.5,43
"		99",颇林,2024.5.20,88,71
"		",,,,
"	",,,,
"	",,,,